schedule_id,store_id,employee_id,employee_name,shift_date,shift_type,start_time,end_time,hours_worked,department
SCH000001,S001,EMP001,Mike Smith,2024-01-15,morning,15:00,21:00,8.0,stocking
SCH000002,S001,EMP001,Mike Smith,2024-01-17,evening,21:00,17:00,8.0,bakery
SCH000003,S001,EMP001,Mike Smith,2024-01-26,evening,09:00,16:00,8.0,meat
SCH000004,S001,EMP001,Mike Smith,2024-01-22,evening,15:00,04:00,8.0,stocking
SCH000005,S001,EMP001,Mike Smith,2024-01-26,morning,06:00,05:00,8.0,dairy
SCH000006,S001,EMP001,Mike Smith,2024-01-06,morning,18:00,19:00,8.0,stocking
SCH000007,S001,EMP001,Mike Smith,2024-01-09,night,22:00,21:00,8.0,produce
SCH000008,S001,EMP001,Mike Smith,2024-01-19,night,19:00,16:00,8.0,stocking
SCH000009,S001,EMP001,Mike Smith,2024-01-04,evening,21:00,18:00,8.0,checkout
SCH000010,S001,EMP001,Mike Smith,2024-01-30,evening,07:00,06:00,8.0,produce
SCH000011,S001,EMP001,Mike Smith,2024-01-11,night,11:00,18:00,8.0,dairy
SCH000012,S001,EMP001,Mike Smith,2024-01-14,evening,18:00,15:00,8.0,stocking
SCH000013,S001,EMP001,Mike Smith,2024-01-17,morning,06:00,14:00,8.0,dairy
SCH000014,S001,EMP001,Mike Smith,2024-01-10,evening,14:00,01:00,8.0,stocking
SCH000015,S001,EMP001,Mike Smith,2024-01-27,evening,12:00,03:00,8.0,stocking
SCH000016,S001,EMP001,Mike Smith,2024-01-02,night,21:00,06:00,8.0,dairy
SCH000017,S001,EMP001,Mike Smith,2024-01-31,evening,18:00,06:00,8.0,meat
SCH000018,S001,EMP001,Mike Smith,2024-01-30,morning,12:00,19:00,8.0,produce
SCH000019,S001,EMP001,Mike Smith,2024-01-06,evening,15:00,19:00,8.0,dairy
SCH000020,S001,EMP001,Mike Smith,2024-01-25,evening,22:00,16:00,8.0,bakery
SCH000021,S001,EMP001,Mike Smith,2024-01-14,night,08:00,17:00,8.0,bakery
SCH000022,S001,EMP001,Mike Smith,2024-01-26,evening,10:00,23:00,8.0,produce
SCH000023,S001,EMP001,Mike Smith,2024-01-10,morning,21:00,16:00,8.0,dairy
SCH000024,S001,EMP001,Mike Smith,2024-01-01,evening,06:00,05:00,8.0,stocking
SCH000025,S001,EMP001,Mike Smith,2024-01-16,evening,22:00,03:00,8.0,checkout
SCH000026,S001,EMP001,Mike Smith,2024-01-05,evening,09:00,23:00,8.0,meat
SCH000027,S001,EMP001,Mike Smith,2024-01-19,evening,07:00,16:00,8.0,produce
SCH000028,S001,EMP001,Mike Smith,2024-01-21,night,20:00,05:00,8.0,bakery
SCH000029,S001,EMP002,John Wilson,2024-01-09,evening,20:00,03:00,8.0,stocking
SCH000030,S001,EMP002,John Wilson,2024-01-02,evening,18:00,18:00,8.0,stocking
SCH000031,S001,EMP002,John Wilson,2024-01-29,evening,17:00,17:00,8.0,bakery
SCH000032,S001,EMP002,John Wilson,2024-01-07,night,09:00,05:00,8.0,meat
SCH000033,S001,EMP002,John Wilson,2024-01-25,night,19:00,01:00,8.0,produce
SCH000034,S001,EMP002,John Wilson,2024-01-29,night,16:00,06:00,8.0,checkout
SCH000035,S001,EMP002,John Wilson,2024-01-19,evening,11:00,04:00,8.0,checkout
SCH000036,S001,EMP002,John Wilson,2024-01-05,evening,06:00,00:00,8.0,bakery
SCH000037,S001,EMP002,John Wilson,2024-01-17,evening,09:00,23:00,8.0,stocking
SCH000038,S001,EMP002,John Wilson,2024-01-23,evening,21:00,15:00,8.0,produce
SCH000039,S001,EMP002,John Wilson,2024-01-13,night,22:00,23:00,8.0,stocking
SCH000040,S001,EMP002,John Wilson,2024-01-31,morning,22:00,23:00,8.0,meat
SCH000041,S001,EMP002,John Wilson,2024-01-02,morning,19:00,02:00,8.0,stocking
SCH000042,S001,EMP002,John Wilson,2024-01-31,night,07:00,19:00,8.0,bakery
SCH000043,S001,EMP002,John Wilson,2024-01-03,night,18:00,03:00,8.0,meat
SCH000044,S001,EMP002,John Wilson,2024-01-08,morning,11:00,20:00,8.0,stocking
SCH000045,S001,EMP002,John Wilson,2024-01-07,morning,17:00,23:00,8.0,stocking
SCH000046,S001,EMP002,John Wilson,2024-01-30,morning,16:00,06:00,8.0,dairy
SCH000047,S001,EMP002,John Wilson,2024-01-01,morning,08:00,14:00,8.0,bakery
SCH000048,S001,EMP002,John Wilson,2024-01-14,evening,06:00,23:00,8.0,dairy
SCH000049,S001,EMP002,John Wilson,2024-01-27,night,11:00,06:00,8.0,meat
SCH000050,S001,EMP002,John Wilson,2024-01-03,morning,09:00,20:00,8.0,dairy
SCH000051,S001,EMP003,John Brown,2024-01-05,evening,14:00,16:00,8.0,stocking
SCH000052,S001,EMP003,John Brown,2024-01-08,evening,19:00,04:00,8.0,produce
SCH000053,S001,EMP003,John Brown,2024-01-10,night,19:00,20:00,8.0,checkout
SCH000054,S001,EMP003,John Brown,2024-01-02,night,19:00,03:00,8.0,produce
SCH000055,S001,EMP003,John Brown,2024-01-12,evening,06:00,04:00,8.0,meat
SCH000056,S001,EMP003,John Brown,2024-01-20,morning,14:00,16:00,8.0,stocking
SCH000057,S001,EMP003,John Brown,2024-01-21,evening,10:00,03:00,8.0,produce
SCH000058,S001,EMP003,John Brown,2024-01-25,night,06:00,02:00,8.0,stocking
SCH000059,S001,EMP003,John Brown,2024-01-04,night,15:00,19:00,8.0,stocking
SCH000060,S001,EMP003,John Brown,2024-01-31,evening,16:00,01:00,8.0,bakery
SCH000061,S001,EMP003,John Brown,2024-01-04,night,12:00,03:00,8.0,stocking
SCH000062,S001,EMP003,John Brown,2024-01-12,night,09:00,18:00,8.0,stocking
SCH000063,S001,EMP003,John Brown,2024-01-31,night,15:00,23:00,8.0,meat
SCH000064,S001,EMP003,John Brown,2024-01-16,night,10:00,01:00,8.0,produce
SCH000065,S001,EMP003,John Brown,2024-01-11,evening,12:00,17:00,8.0,stocking
SCH000066,S001,EMP003,John Brown,2024-01-15,evening,16:00,06:00,8.0,checkout
SCH000067,S001,EMP003,John Brown,2024-01-25,morning,11:00,15:00,8.0,produce
SCH000068,S001,EMP003,John Brown,2024-01-04,evening,22:00,15:00,8.0,dairy
SCH000069,S001,EMP003,John Brown,2024-01-21,night,20:00,06:00,8.0,dairy
SCH000070,S001,EMP003,John Brown,2024-01-30,evening,18:00,05:00,8.0,dairy
SCH000071,S001,EMP003,John Brown,2024-01-06,night,13:00,23:00,8.0,produce
SCH000072,S001,EMP004,Jane Johnson,2024-01-01,morning,10:00,04:00,8.0,dairy
SCH000073,S001,EMP004,Jane Johnson,2024-01-25,night,06:00,19:00,8.0,produce
SCH000074,S001,EMP004,Jane Johnson,2024-01-12,evening,20:00,16:00,8.0,produce
SCH000075,S001,EMP004,Jane Johnson,2024-01-14,evening,06:00,01:00,8.0,stocking
SCH000076,S001,EMP004,Jane Johnson,2024-01-02,night,22:00,00:00,8.0,bakery
SCH000077,S001,EMP004,Jane Johnson,2024-01-20,evening,15:00,05:00,8.0,stocking
SCH000078,S001,EMP004,Jane Johnson,2024-01-24,evening,17:00,04:00,8.0,checkout
SCH000079,S001,EMP004,Jane Johnson,2024-01-26,morning,08:00,21:00,8.0,bakery
SCH000080,S001,EMP004,Jane Johnson,2024-01-14,evening,21:00,14:00,8.0,dairy
SCH000081,S001,EMP004,Jane Johnson,2024-01-02,morning,06:00,23:00,8.0,bakery
SCH000082,S001,EMP004,Jane Johnson,2024-01-03,morning,08:00,16:00,8.0,produce
SCH000083,S001,EMP004,Jane Johnson,2024-01-19,morning,19:00,01:00,8.0,dairy
SCH000084,S001,EMP004,Jane Johnson,2024-01-26,night,08:00,01:00,8.0,bakery
SCH000085,S001,EMP004,Jane Johnson,2024-01-20,morning,17:00,20:00,8.0,checkout
SCH000086,S001,EMP004,Jane Johnson,2024-01-21,evening,16:00,16:00,8.0,stocking
SCH000087,S001,EMP004,Jane Johnson,2024-01-04,morning,14:00,23:00,8.0,dairy
SCH000088,S001,EMP004,Jane Johnson,2024-01-04,morning,14:00,15:00,8.0,dairy
SCH000089,S001,EMP004,Jane Johnson,2024-01-23,night,22:00,02:00,8.0,bakery
SCH000090,S001,EMP004,Jane Johnson,2024-01-10,morning,18:00,17:00,8.0,produce
SCH000091,S001,EMP004,Jane Johnson,2024-01-19,night,08:00,19:00,8.0,meat
SCH000092,S001,EMP004,Jane Johnson,2024-01-26,night,10:00,17:00,8.0,produce
SCH000093,S001,EMP004,Jane Johnson,2024-01-07,evening,17:00,05:00,8.0,bakery
SCH000094,S001,EMP004,Jane Johnson,2024-01-16,evening,08:00,21:00,8.0,checkout
SCH000095,S001,EMP004,Jane Johnson,2024-01-09,evening,22:00,05:00,8.0,checkout
SCH000096,S001,EMP004,Jane Johnson,2024-01-04,morning,07:00,23:00,8.0,bakery
SCH000097,S001,EMP004,Jane Johnson,2024-01-12,evening,12:00,21:00,8.0,checkout
SCH000098,S001,EMP005,Mike Smith,2024-01-09,evening,06:00,02:00,8.0,stocking
SCH000099,S001,EMP005,Mike Smith,2024-01-14,morning,20:00,22:00,8.0,produce
SCH000100,S001,EMP005,Mike Smith,2024-01-16,night,20:00,01:00,8.0,checkout
SCH000101,S001,EMP005,Mike Smith,2024-01-31,evening,15:00,02:00,8.0,checkout
SCH000102,S001,EMP005,Mike Smith,2024-01-10,night,10:00,04:00,8.0,produce
SCH000103,S001,EMP005,Mike Smith,2024-01-11,morning,22:00,00:00,8.0,bakery
SCH000104,S001,EMP005,Mike Smith,2024-01-13,night,13:00,05:00,8.0,checkout
SCH000105,S001,EMP005,Mike Smith,2024-01-06,morning,11:00,01:00,8.0,checkout
SCH000106,S001,EMP005,Mike Smith,2024-01-29,evening,22:00,00:00,8.0,dairy
SCH000107,S001,EMP005,Mike Smith,2024-01-09,morning,13:00,05:00,8.0,produce
SCH000108,S001,EMP005,Mike Smith,2024-01-23,night,06:00,05:00,8.0,stocking
SCH000109,S001,EMP005,Mike Smith,2024-01-22,night,14:00,15:00,8.0,meat
SCH000110,S001,EMP005,Mike Smith,2024-01-16,morning,22:00,06:00,8.0,checkout
SCH000111,S001,EMP005,Mike Smith,2024-01-29,morning,11:00,19:00,8.0,produce
SCH000112,S001,EMP005,Mike Smith,2024-01-09,night,19:00,01:00,8.0,dairy
SCH000113,S001,EMP005,Mike Smith,2024-01-15,evening,10:00,14:00,8.0,dairy
SCH000114,S001,EMP005,Mike Smith,2024-01-14,night,14:00,15:00,8.0,dairy
SCH000115,S001,EMP005,Mike Smith,2024-01-22,morning,12:00,05:00,8.0,dairy
SCH000116,S001,EMP005,Mike Smith,2024-01-02,night,16:00,22:00,8.0,checkout
SCH000117,S001,EMP005,Mike Smith,2024-01-28,night,11:00,19:00,8.0,dairy
SCH000118,S001,EMP005,Mike Smith,2024-01-28,morning,17:00,01:00,8.0,stocking
SCH000119,S001,EMP005,Mike Smith,2024-01-24,morning,12:00,20:00,8.0,bakery
SCH000120,S001,EMP005,Mike Smith,2024-01-15,night,15:00,22:00,8.0,meat
SCH000121,S001,EMP006,Jane Davis,2024-01-16,night,14:00,21:00,8.0,meat
SCH000122,S001,EMP006,Jane Davis,2024-01-23,morning,21:00,16:00,8.0,stocking
SCH000123,S001,EMP006,Jane Davis,2024-01-15,morning,07:00,03:00,8.0,stocking
SCH000124,S001,EMP006,Jane Davis,2024-01-03,night,11:00,23:00,8.0,checkout
SCH000125,S001,EMP006,Jane Davis,2024-01-21,morning,12:00,04:00,8.0,meat
SCH000126,S001,EMP006,Jane Davis,2024-01-19,evening,07:00,00:00,8.0,meat
SCH000127,S001,EMP006,Jane Davis,2024-01-19,evening,16:00,23:00,8.0,bakery
SCH000128,S001,EMP006,Jane Davis,2024-01-22,evening,16:00,15:00,8.0,meat
SCH000129,S001,EMP006,Jane Davis,2024-01-14,night,08:00,05:00,8.0,dairy
SCH000130,S001,EMP006,Jane Davis,2024-01-31,evening,13:00,02:00,8.0,stocking
SCH000131,S001,EMP006,Jane Davis,2024-01-02,night,11:00,16:00,8.0,dairy
SCH000132,S001,EMP006,Jane Davis,2024-01-05,night,12:00,02:00,8.0,stocking
SCH000133,S001,EMP006,Jane Davis,2024-01-04,morning,22:00,22:00,8.0,bakery
SCH000134,S001,EMP006,Jane Davis,2024-01-12,morning,17:00,05:00,8.0,produce
SCH000135,S001,EMP006,Jane Davis,2024-01-21,evening,21:00,03:00,8.0,meat
SCH000136,S001,EMP006,Jane Davis,2024-01-12,morning,19:00,19:00,8.0,checkout
SCH000137,S001,EMP006,Jane Davis,2024-01-06,evening,18:00,16:00,8.0,bakery
SCH000138,S001,EMP006,Jane Davis,2024-01-05,morning,20:00,02:00,8.0,produce
SCH000139,S001,EMP006,Jane Davis,2024-01-28,morning,10:00,16:00,8.0,produce
SCH000140,S001,EMP006,Jane Davis,2024-01-13,night,16:00,22:00,8.0,checkout
SCH000141,S001,EMP006,Jane Davis,2024-01-04,night,22:00,06:00,8.0,stocking
SCH000142,S001,EMP006,Jane Davis,2024-01-30,evening,14:00,21:00,8.0,checkout
SCH000143,S001,EMP006,Jane Davis,2024-01-01,morning,17:00,20:00,8.0,bakery
SCH000144,S001,EMP006,Jane Davis,2024-01-21,morning,20:00,18:00,8.0,bakery
SCH000145,S001,EMP007,Jane Brown,2024-01-12,night,09:00,15:00,8.0,stocking
SCH000146,S001,EMP007,Jane Brown,2024-01-09,night,06:00,18:00,8.0,produce
SCH000147,S001,EMP007,Jane Brown,2024-01-13,night,15:00,22:00,8.0,stocking
SCH000148,S001,EMP007,Jane Brown,2024-01-11,evening,12:00,21:00,8.0,dairy
SCH000149,S001,EMP007,Jane Brown,2024-01-19,night,08:00,19:00,8.0,meat
SCH000150,S001,EMP007,Jane Brown,2024-01-16,evening,13:00,21:00,8.0,dairy
SCH000151,S001,EMP007,Jane Brown,2024-01-04,evening,19:00,18:00,8.0,stocking
SCH000152,S001,EMP007,Jane Brown,2024-01-09,night,07:00,22:00,8.0,bakery
SCH000153,S001,EMP007,Jane Brown,2024-01-08,night,16:00,21:00,8.0,dairy
SCH000154,S001,EMP007,Jane Brown,2024-01-08,night,19:00,15:00,8.0,produce
SCH000155,S001,EMP007,Jane Brown,2024-01-13,evening,08:00,16:00,8.0,stocking
SCH000156,S001,EMP007,Jane Brown,2024-01-14,morning,15:00,18:00,8.0,meat
SCH000157,S001,EMP007,Jane Brown,2024-01-28,night,13:00,02:00,8.0,checkout
SCH000158,S001,EMP007,Jane Brown,2024-01-29,evening,21:00,15:00,8.0,checkout
SCH000159,S001,EMP007,Jane Brown,2024-01-08,night,20:00,17:00,8.0,bakery
SCH000160,S001,EMP007,Jane Brown,2024-01-07,morning,22:00,18:00,8.0,bakery
SCH000161,S001,EMP007,Jane Brown,2024-01-04,morning,18:00,18:00,8.0,meat
SCH000162,S001,EMP007,Jane Brown,2024-01-19,evening,20:00,17:00,8.0,meat
SCH000163,S001,EMP007,Jane Brown,2024-01-30,evening,09:00,18:00,8.0,produce
SCH000164,S001,EMP007,Jane Brown,2024-01-01,morning,07:00,05:00,8.0,stocking
SCH000165,S001,EMP007,Jane Brown,2024-01-22,evening,06:00,16:00,8.0,meat
SCH000166,S001,EMP007,Jane Brown,2024-01-02,morning,09:00,17:00,8.0,stocking
SCH000167,S001,EMP007,Jane Brown,2024-01-08,night,19:00,04:00,8.0,dairy
SCH000168,S001,EMP008,Sarah Smith,2024-01-07,evening,18:00,20:00,8.0,stocking
SCH000169,S001,EMP008,Sarah Smith,2024-01-26,night,14:00,04:00,8.0,meat
SCH000170,S001,EMP008,Sarah Smith,2024-01-18,morning,18:00,06:00,8.0,dairy
SCH000171,S001,EMP008,Sarah Smith,2024-01-07,night,20:00,14:00,8.0,stocking
SCH000172,S001,EMP008,Sarah Smith,2024-01-22,morning,12:00,20:00,8.0,dairy
SCH000173,S001,EMP008,Sarah Smith,2024-01-02,evening,11:00,19:00,8.0,bakery
SCH000174,S001,EMP008,Sarah Smith,2024-01-21,night,06:00,22:00,8.0,meat
SCH000175,S001,EMP008,Sarah Smith,2024-01-25,evening,21:00,21:00,8.0,dairy
SCH000176,S001,EMP008,Sarah Smith,2024-01-25,evening,08:00,21:00,8.0,meat
SCH000177,S001,EMP008,Sarah Smith,2024-01-10,night,17:00,14:00,8.0,stocking
SCH000178,S001,EMP008,Sarah Smith,2024-01-19,night,19:00,01:00,8.0,bakery
SCH000179,S001,EMP008,Sarah Smith,2024-01-10,evening,12:00,19:00,8.0,meat
SCH000180,S001,EMP008,Sarah Smith,2024-01-25,night,19:00,20:00,8.0,bakery
SCH000181,S001,EMP008,Sarah Smith,2024-01-18,morning,10:00,05:00,8.0,stocking
SCH000182,S001,EMP008,Sarah Smith,2024-01-03,morning,14:00,14:00,8.0,meat
SCH000183,S001,EMP008,Sarah Smith,2024-01-19,morning,22:00,16:00,8.0,meat
SCH000184,S001,EMP008,Sarah Smith,2024-01-11,evening,21:00,03:00,8.0,checkout
SCH000185,S001,EMP008,Sarah Smith,2024-01-15,evening,20:00,22:00,8.0,dairy
SCH000186,S001,EMP008,Sarah Smith,2024-01-17,morning,22:00,19:00,8.0,produce
SCH000187,S001,EMP008,Sarah Smith,2024-01-24,evening,12:00,16:00,8.0,checkout
SCH000188,S001,EMP008,Sarah Smith,2024-01-28,night,22:00,17:00,8.0,produce
SCH000189,S001,EMP008,Sarah Smith,2024-01-14,morning,12:00,04:00,8.0,bakery
SCH000190,S001,EMP008,Sarah Smith,2024-01-31,evening,18:00,01:00,8.0,meat
SCH000191,S001,EMP008,Sarah Smith,2024-01-04,night,22:00,19:00,8.0,produce
SCH000192,S001,EMP008,Sarah Smith,2024-01-12,night,06:00,15:00,8.0,meat
SCH000193,S001,EMP008,Sarah Smith,2024-01-05,evening,22:00,03:00,8.0,checkout
SCH000194,S001,EMP008,Sarah Smith,2024-01-31,morning,12:00,00:00,8.0,stocking
SCH000195,S001,EMP008,Sarah Smith,2024-01-16,night,18:00,23:00,8.0,dairy
SCH000196,S001,EMP008,Sarah Smith,2024-01-31,night,12:00,17:00,8.0,dairy
SCH000197,S001,EMP008,Sarah Smith,2024-01-18,night,16:00,16:00,8.0,dairy
SCH000198,S001,EMP009,Mike Smith,2024-01-09,night,17:00,05:00,8.0,stocking
SCH000199,S001,EMP009,Mike Smith,2024-01-03,night,19:00,19:00,8.0,dairy
SCH000200,S001,EMP009,Mike Smith,2024-01-28,evening,13:00,00:00,8.0,stocking
SCH000201,S001,EMP009,Mike Smith,2024-01-04,night,13:00,16:00,8.0,stocking
SCH000202,S001,EMP009,Mike Smith,2024-01-22,night,12:00,05:00,8.0,meat
SCH000203,S001,EMP009,Mike Smith,2024-01-10,evening,15:00,01:00,8.0,produce
SCH000204,S001,EMP009,Mike Smith,2024-01-11,morning,11:00,20:00,8.0,produce
SCH000205,S001,EMP009,Mike Smith,2024-01-04,evening,18:00,17:00,8.0,dairy
SCH000206,S001,EMP009,Mike Smith,2024-01-16,evening,18:00,20:00,8.0,bakery
SCH000207,S001,EMP009,Mike Smith,2024-01-20,morning,06:00,20:00,8.0,dairy
SCH000208,S001,EMP009,Mike Smith,2024-01-01,night,20:00,22:00,8.0,bakery
SCH000209,S001,EMP009,Mike Smith,2024-01-22,morning,15:00,22:00,8.0,dairy
SCH000210,S001,EMP009,Mike Smith,2024-01-18,night,08:00,14:00,8.0,bakery
SCH000211,S001,EMP009,Mike Smith,2024-01-06,night,21:00,16:00,8.0,checkout
SCH000212,S001,EMP009,Mike Smith,2024-01-04,evening,07:00,00:00,8.0,produce
SCH000213,S001,EMP009,Mike Smith,2024-01-11,night,11:00,02:00,8.0,stocking
SCH000214,S001,EMP009,Mike Smith,2024-01-14,evening,20:00,16:00,8.0,checkout
SCH000215,S001,EMP009,Mike Smith,2024-01-25,morning,22:00,19:00,8.0,dairy
SCH000216,S001,EMP009,Mike Smith,2024-01-03,morning,17:00,18:00,8.0,meat
SCH000217,S001,EMP009,Mike Smith,2024-01-07,morning,14:00,02:00,8.0,checkout
SCH000218,S001,EMP009,Mike Smith,2024-01-10,evening,19:00,03:00,8.0,produce
SCH000219,S001,EMP009,Mike Smith,2024-01-07,evening,18:00,19:00,8.0,checkout
SCH000220,S001,EMP009,Mike Smith,2024-01-20,night,15:00,00:00,8.0,produce
SCH000221,S001,EMP009,Mike Smith,2024-01-13,night,10:00,21:00,8.0,produce
SCH000222,S001,EMP009,Mike Smith,2024-01-31,evening,15:00,04:00,8.0,dairy
SCH000223,S001,EMP009,Mike Smith,2024-01-21,night,14:00,20:00,8.0,bakery
SCH000224,S001,EMP009,Mike Smith,2024-01-17,evening,17:00,16:00,8.0,produce
SCH000225,S001,EMP009,Mike Smith,2024-01-14,morning,13:00,01:00,8.0,stocking
SCH000226,S001,EMP010,Sarah Brown,2024-01-19,morning,19:00,15:00,8.0,meat
SCH000227,S001,EMP010,Sarah Brown,2024-01-27,night,22:00,18:00,8.0,stocking
SCH000228,S001,EMP010,Sarah Brown,2024-01-07,night,17:00,02:00,8.0,bakery
SCH000229,S001,EMP010,Sarah Brown,2024-01-09,morning,14:00,18:00,8.0,meat
SCH000230,S001,EMP010,Sarah Brown,2024-01-26,night,17:00,23:00,8.0,checkout
SCH000231,S001,EMP010,Sarah Brown,2024-01-22,morning,19:00,02:00,8.0,meat
SCH000232,S001,EMP010,Sarah Brown,2024-01-29,night,22:00,03:00,8.0,meat
SCH000233,S001,EMP010,Sarah Brown,2024-01-31,evening,22:00,16:00,8.0,meat
SCH000234,S001,EMP010,Sarah Brown,2024-01-02,night,12:00,14:00,8.0,dairy
SCH000235,S001,EMP010,Sarah Brown,2024-01-21,morning,17:00,20:00,8.0,meat
SCH000236,S001,EMP010,Sarah Brown,2024-01-14,evening,21:00,23:00,8.0,dairy
SCH000237,S001,EMP010,Sarah Brown,2024-01-18,night,17:00,17:00,8.0,stocking
SCH000238,S001,EMP010,Sarah Brown,2024-01-20,evening,20:00,18:00,8.0,bakery
SCH000239,S001,EMP010,Sarah Brown,2024-01-27,evening,11:00,19:00,8.0,stocking
SCH000240,S001,EMP010,Sarah Brown,2024-01-04,night,22:00,01:00,8.0,meat
SCH000241,S001,EMP010,Sarah Brown,2024-01-25,morning,13:00,03:00,8.0,checkout
SCH000242,S001,EMP010,Sarah Brown,2024-01-05,evening,16:00,22:00,8.0,produce
SCH000243,S001,EMP010,Sarah Brown,2024-01-14,morning,13:00,02:00,8.0,dairy
SCH000244,S001,EMP010,Sarah Brown,2024-01-26,night,19:00,15:00,8.0,meat
SCH000245,S001,EMP010,Sarah Brown,2024-01-25,morning,11:00,19:00,8.0,checkout
SCH000246,S001,EMP010,Sarah Brown,2024-01-22,night,22:00,00:00,8.0,stocking
SCH000247,S001,EMP010,Sarah Brown,2024-01-29,night,08:00,17:00,8.0,produce
SCH000248,S001,EMP010,Sarah Brown,2024-01-12,night,09:00,15:00,8.0,checkout
SCH000249,S001,EMP010,Sarah Brown,2024-01-19,morning,11:00,19:00,8.0,dairy
SCH000250,S001,EMP010,Sarah Brown,2024-01-21,morning,19:00,21:00,8.0,dairy
SCH000251,S001,EMP010,Sarah Brown,2024-01-11,evening,18:00,16:00,8.0,meat
SCH000252,S001,EMP010,Sarah Brown,2024-01-20,morning,06:00,17:00,8.0,checkout
SCH000253,S001,EMP010,Sarah Brown,2024-01-27,night,15:00,00:00,8.0,checkout
SCH000254,S001,EMP011,David Brown,2024-01-17,evening,19:00,18:00,8.0,dairy
SCH000255,S001,EMP011,David Brown,2024-01-13,night,08:00,02:00,8.0,produce
SCH000256,S001,EMP011,David Brown,2024-01-04,morning,07:00,14:00,8.0,checkout
SCH000257,S001,EMP011,David Brown,2024-01-24,morning,16:00,06:00,8.0,checkout
SCH000258,S001,EMP011,David Brown,2024-01-28,morning,13:00,01:00,8.0,bakery
SCH000259,S001,EMP011,David Brown,2024-01-14,morning,16:00,22:00,8.0,produce
SCH000260,S001,EMP011,David Brown,2024-01-06,morning,20:00,01:00,8.0,bakery
SCH000261,S001,EMP011,David Brown,2024-01-25,night,14:00,01:00,8.0,bakery
SCH000262,S001,EMP011,David Brown,2024-01-04,night,15:00,14:00,8.0,stocking
SCH000263,S001,EMP011,David Brown,2024-01-08,evening,06:00,03:00,8.0,stocking
SCH000264,S001,EMP011,David Brown,2024-01-28,morning,19:00,22:00,8.0,produce
SCH000265,S001,EMP011,David Brown,2024-01-17,evening,13:00,20:00,8.0,produce
SCH000266,S001,EMP011,David Brown,2024-01-26,morning,18:00,03:00,8.0,bakery
SCH000267,S001,EMP011,David Brown,2024-01-23,night,20:00,19:00,8.0,meat
SCH000268,S001,EMP011,David Brown,2024-01-15,night,21:00,04:00,8.0,dairy
SCH000269,S001,EMP011,David Brown,2024-01-13,evening,22:00,02:00,8.0,produce
SCH000270,S001,EMP011,David Brown,2024-01-02,night,11:00,04:00,8.0,bakery
SCH000271,S001,EMP011,David Brown,2024-01-11,night,06:00,14:00,8.0,bakery
SCH000272,S001,EMP011,David Brown,2024-01-23,evening,13:00,20:00,8.0,bakery
SCH000273,S001,EMP011,David Brown,2024-01-04,evening,14:00,05:00,8.0,meat
SCH000274,S001,EMP011,David Brown,2024-01-26,night,21:00,17:00,8.0,dairy
SCH000275,S001,EMP011,David Brown,2024-01-13,night,20:00,02:00,8.0,bakery
SCH000276,S001,EMP011,David Brown,2024-01-11,morning,22:00,15:00,8.0,stocking
SCH000277,S001,EMP011,David Brown,2024-01-19,night,19:00,05:00,8.0,stocking
SCH000278,S001,EMP011,David Brown,2024-01-19,morning,14:00,20:00,8.0,dairy
SCH000279,S001,EMP011,David Brown,2024-01-30,morning,17:00,22:00,8.0,stocking
SCH000280,S001,EMP011,David Brown,2024-01-13,morning,17:00,19:00,8.0,meat
SCH000281,S001,EMP012,John Davis,2024-01-29,morning,21:00,15:00,8.0,bakery
SCH000282,S001,EMP012,John Davis,2024-01-09,evening,21:00,18:00,8.0,bakery
SCH000283,S001,EMP012,John Davis,2024-01-04,night,12:00,00:00,8.0,stocking
SCH000284,S001,EMP012,John Davis,2024-01-28,night,06:00,18:00,8.0,stocking
SCH000285,S001,EMP012,John Davis,2024-01-07,evening,13:00,19:00,8.0,checkout
SCH000286,S001,EMP012,John Davis,2024-01-19,night,22:00,22:00,8.0,bakery
SCH000287,S001,EMP012,John Davis,2024-01-10,morning,20:00,22:00,8.0,stocking
SCH000288,S001,EMP012,John Davis,2024-01-22,evening,11:00,00:00,8.0,checkout
SCH000289,S001,EMP012,John Davis,2024-01-06,morning,09:00,19:00,8.0,checkout
SCH000290,S001,EMP012,John Davis,2024-01-15,night,08:00,14:00,8.0,produce
SCH000291,S001,EMP012,John Davis,2024-01-30,night,19:00,02:00,8.0,produce
SCH000292,S001,EMP012,John Davis,2024-01-11,night,09:00,23:00,8.0,dairy
SCH000293,S001,EMP012,John Davis,2024-01-29,evening,12:00,03:00,8.0,dairy
SCH000294,S001,EMP012,John Davis,2024-01-08,evening,09:00,17:00,8.0,bakery
SCH000295,S001,EMP012,John Davis,2024-01-16,evening,16:00,16:00,8.0,stocking
SCH000296,S001,EMP012,John Davis,2024-01-27,morning,17:00,21:00,8.0,checkout
SCH000297,S001,EMP012,John Davis,2024-01-15,evening,17:00,03:00,8.0,stocking
SCH000298,S001,EMP012,John Davis,2024-01-24,night,11:00,21:00,8.0,bakery
SCH000299,S001,EMP012,John Davis,2024-01-16,morning,08:00,15:00,8.0,meat
SCH000300,S001,EMP012,John Davis,2024-01-14,morning,22:00,20:00,8.0,bakery
SCH000301,S001,EMP012,John Davis,2024-01-15,morning,06:00,06:00,8.0,produce
SCH000302,S001,EMP013,Mike Johnson,2024-01-23,night,12:00,22:00,8.0,meat
SCH000303,S001,EMP013,Mike Johnson,2024-01-18,evening,09:00,19:00,8.0,bakery
SCH000304,S001,EMP013,Mike Johnson,2024-01-02,night,22:00,17:00,8.0,dairy
SCH000305,S001,EMP013,Mike Johnson,2024-01-21,morning,06:00,14:00,8.0,checkout
SCH000306,S001,EMP013,Mike Johnson,2024-01-15,night,18:00,20:00,8.0,bakery
SCH000307,S001,EMP013,Mike Johnson,2024-01-03,night,11:00,18:00,8.0,bakery
SCH000308,S001,EMP013,Mike Johnson,2024-01-03,morning,18:00,02:00,8.0,dairy
SCH000309,S001,EMP013,Mike Johnson,2024-01-23,evening,13:00,20:00,8.0,produce
SCH000310,S001,EMP013,Mike Johnson,2024-01-23,morning,15:00,15:00,8.0,meat
SCH000311,S001,EMP013,Mike Johnson,2024-01-18,morning,10:00,14:00,8.0,checkout
SCH000312,S001,EMP013,Mike Johnson,2024-01-06,night,17:00,04:00,8.0,stocking
SCH000313,S001,EMP013,Mike Johnson,2024-01-05,evening,14:00,22:00,8.0,produce
SCH000314,S001,EMP013,Mike Johnson,2024-01-05,morning,22:00,03:00,8.0,produce
SCH000315,S001,EMP013,Mike Johnson,2024-01-20,morning,15:00,05:00,8.0,checkout
SCH000316,S001,EMP013,Mike Johnson,2024-01-03,morning,17:00,16:00,8.0,dairy
SCH000317,S001,EMP013,Mike Johnson,2024-01-08,night,12:00,22:00,8.0,produce
SCH000318,S001,EMP013,Mike Johnson,2024-01-10,evening,22:00,20:00,8.0,produce
SCH000319,S001,EMP013,Mike Johnson,2024-01-29,morning,11:00,21:00,8.0,bakery
SCH000320,S001,EMP013,Mike Johnson,2024-01-06,evening,11:00,17:00,8.0,dairy
SCH000321,S001,EMP013,Mike Johnson,2024-01-26,evening,06:00,01:00,8.0,checkout
SCH000322,S001,EMP013,Mike Johnson,2024-01-12,night,15:00,17:00,8.0,checkout
SCH000323,S001,EMP013,Mike Johnson,2024-01-20,night,18:00,16:00,8.0,produce
SCH000324,S001,EMP013,Mike Johnson,2024-01-19,evening,07:00,15:00,8.0,checkout
SCH000325,S001,EMP013,Mike Johnson,2024-01-19,morning,07:00,23:00,8.0,meat
SCH000326,S001,EMP013,Mike Johnson,2024-01-29,morning,06:00,18:00,8.0,meat
SCH000327,S001,EMP014,Jane Davis,2024-01-11,night,19:00,21:00,8.0,checkout
SCH000328,S001,EMP014,Jane Davis,2024-01-01,evening,20:00,20:00,8.0,produce
SCH000329,S001,EMP014,Jane Davis,2024-01-04,morning,07:00,23:00,8.0,dairy
SCH000330,S001,EMP014,Jane Davis,2024-01-05,evening,12:00,01:00,8.0,dairy
SCH000331,S001,EMP014,Jane Davis,2024-01-17,evening,06:00,03:00,8.0,stocking
SCH000332,S001,EMP014,Jane Davis,2024-01-04,night,06:00,02:00,8.0,bakery
SCH000333,S001,EMP014,Jane Davis,2024-01-20,morning,17:00,00:00,8.0,produce
SCH000334,S001,EMP014,Jane Davis,2024-01-17,morning,20:00,17:00,8.0,meat
SCH000335,S001,EMP014,Jane Davis,2024-01-15,morning,15:00,18:00,8.0,stocking
SCH000336,S001,EMP014,Jane Davis,2024-01-22,night,08:00,02:00,8.0,bakery
SCH000337,S001,EMP014,Jane Davis,2024-01-07,morning,09:00,15:00,8.0,stocking
SCH000338,S001,EMP014,Jane Davis,2024-01-21,night,09:00,06:00,8.0,meat
SCH000339,S001,EMP014,Jane Davis,2024-01-14,morning,14:00,02:00,8.0,meat
SCH000340,S001,EMP014,Jane Davis,2024-01-18,morning,09:00,00:00,8.0,bakery
SCH000341,S001,EMP014,Jane Davis,2024-01-27,evening,19:00,20:00,8.0,bakery
SCH000342,S001,EMP014,Jane Davis,2024-01-14,evening,06:00,14:00,8.0,produce
SCH000343,S001,EMP014,Jane Davis,2024-01-26,morning,19:00,01:00,8.0,produce
SCH000344,S001,EMP014,Jane Davis,2024-01-10,night,11:00,22:00,8.0,stocking
SCH000345,S001,EMP014,Jane Davis,2024-01-20,evening,06:00,21:00,8.0,produce
SCH000346,S001,EMP014,Jane Davis,2024-01-12,morning,06:00,02:00,8.0,produce
SCH000347,S001,EMP014,Jane Davis,2024-01-07,evening,16:00,14:00,8.0,checkout
SCH000348,S001,EMP014,Jane Davis,2024-01-22,morning,19:00,05:00,8.0,meat
SCH000349,S001,EMP014,Jane Davis,2024-01-19,morning,07:00,06:00,8.0,meat
SCH000350,S001,EMP014,Jane Davis,2024-01-13,evening,09:00,16:00,8.0,stocking
SCH000351,S001,EMP014,Jane Davis,2024-01-31,morning,09:00,01:00,8.0,meat
SCH000352,S001,EMP014,Jane Davis,2024-01-06,evening,13:00,16:00,8.0,checkout
SCH000353,S001,EMP014,Jane Davis,2024-01-06,evening,21:00,17:00,8.0,stocking
SCH000354,S001,EMP014,Jane Davis,2024-01-10,night,08:00,21:00,8.0,stocking
SCH000355,S001,EMP015,John Brown,2024-01-04,morning,12:00,06:00,8.0,checkout
SCH000356,S001,EMP015,John Brown,2024-01-03,night,13:00,18:00,8.0,dairy
SCH000357,S001,EMP015,John Brown,2024-01-01,evening,21:00,19:00,8.0,meat
SCH000358,S001,EMP015,John Brown,2024-01-21,night,21:00,15:00,8.0,produce
SCH000359,S001,EMP015,John Brown,2024-01-25,evening,15:00,06:00,8.0,dairy
SCH000360,S001,EMP015,John Brown,2024-01-04,evening,20:00,16:00,8.0,produce
SCH000361,S001,EMP015,John Brown,2024-01-25,evening,11:00,00:00,8.0,stocking
SCH000362,S001,EMP015,John Brown,2024-01-08,night,18:00,18:00,8.0,meat
SCH000363,S001,EMP015,John Brown,2024-01-12,evening,18:00,02:00,8.0,produce
SCH000364,S001,EMP015,John Brown,2024-01-15,morning,06:00,19:00,8.0,meat
SCH000365,S001,EMP015,John Brown,2024-01-10,night,21:00,19:00,8.0,produce
SCH000366,S001,EMP015,John Brown,2024-01-30,morning,06:00,20:00,8.0,meat
SCH000367,S001,EMP015,John Brown,2024-01-29,evening,22:00,01:00,8.0,meat
SCH000368,S001,EMP015,John Brown,2024-01-17,evening,21:00,19:00,8.0,stocking
SCH000369,S001,EMP015,John Brown,2024-01-27,night,15:00,19:00,8.0,bakery
SCH000370,S001,EMP015,John Brown,2024-01-21,night,13:00,14:00,8.0,produce
SCH000371,S001,EMP015,John Brown,2024-01-25,morning,06:00,03:00,8.0,stocking
SCH000372,S001,EMP015,John Brown,2024-01-29,evening,11:00,04:00,8.0,dairy
SCH000373,S001,EMP015,John Brown,2024-01-17,night,06:00,01:00,8.0,stocking
SCH000374,S001,EMP015,John Brown,2024-01-13,morning,09:00,15:00,8.0,checkout
SCH000375,S001,EMP015,John Brown,2024-01-17,evening,13:00,15:00,8.0,bakery
SCH000376,S001,EMP015,John Brown,2024-01-31,morning,08:00,17:00,8.0,bakery
SCH000377,S001,EMP015,John Brown,2024-01-09,evening,15:00,21:00,8.0,dairy
SCH000378,S001,EMP015,John Brown,2024-01-05,evening,17:00,15:00,8.0,produce
SCH000379,S001,EMP015,John Brown,2024-01-11,evening,11:00,14:00,8.0,meat
SCH000380,S001,EMP015,John Brown,2024-01-03,night,14:00,02:00,8.0,produce
SCH000381,S001,EMP015,John Brown,2024-01-17,night,12:00,19:00,8.0,checkout
SCH000382,S002,EMP016,Sarah Wilson,2024-01-31,evening,06:00,21:00,8.0,stocking
SCH000383,S002,EMP016,Sarah Wilson,2024-01-13,night,19:00,18:00,8.0,produce
SCH000384,S002,EMP016,Sarah Wilson,2024-01-05,night,12:00,17:00,8.0,meat
SCH000385,S002,EMP016,Sarah Wilson,2024-01-31,evening,08:00,02:00,8.0,dairy
SCH000386,S002,EMP016,Sarah Wilson,2024-01-23,evening,19:00,04:00,8.0,checkout
SCH000387,S002,EMP016,Sarah Wilson,2024-01-04,evening,16:00,04:00,8.0,produce
SCH000388,S002,EMP016,Sarah Wilson,2024-01-08,night,22:00,19:00,8.0,stocking
SCH000389,S002,EMP016,Sarah Wilson,2024-01-20,night,19:00,17:00,8.0,dairy
SCH000390,S002,EMP016,Sarah Wilson,2024-01-21,night,19:00,23:00,8.0,produce
SCH000391,S002,EMP016,Sarah Wilson,2024-01-10,morning,20:00,03:00,8.0,checkout
SCH000392,S002,EMP016,Sarah Wilson,2024-01-05,evening,17:00,01:00,8.0,meat
SCH000393,S002,EMP016,Sarah Wilson,2024-01-16,morning,13:00,18:00,8.0,dairy
SCH000394,S002,EMP016,Sarah Wilson,2024-01-22,evening,07:00,05:00,8.0,bakery
SCH000395,S002,EMP016,Sarah Wilson,2024-01-25,evening,08:00,23:00,8.0,checkout
SCH000396,S002,EMP016,Sarah Wilson,2024-01-18,night,13:00,18:00,8.0,checkout
SCH000397,S002,EMP016,Sarah Wilson,2024-01-12,morning,13:00,22:00,8.0,produce
SCH000398,S002,EMP016,Sarah Wilson,2024-01-30,morning,06:00,03:00,8.0,produce
SCH000399,S002,EMP016,Sarah Wilson,2024-01-23,night,19:00,20:00,8.0,stocking
SCH000400,S002,EMP016,Sarah Wilson,2024-01-09,evening,06:00,18:00,8.0,checkout
SCH000401,S002,EMP016,Sarah Wilson,2024-01-18,night,07:00,21:00,8.0,produce
SCH000402,S002,EMP016,Sarah Wilson,2024-01-04,evening,20:00,14:00,8.0,stocking
SCH000403,S002,EMP016,Sarah Wilson,2024-01-13,night,11:00,19:00,8.0,dairy
SCH000404,S002,EMP016,Sarah Wilson,2024-01-15,night,09:00,21:00,8.0,meat
SCH000405,S002,EMP016,Sarah Wilson,2024-01-08,night,11:00,22:00,8.0,stocking
SCH000406,S002,EMP016,Sarah Wilson,2024-01-19,morning,16:00,19:00,8.0,checkout
SCH000407,S002,EMP017,John Davis,2024-01-11,morning,11:00,17:00,8.0,checkout
SCH000408,S002,EMP017,John Davis,2024-01-31,night,18:00,14:00,8.0,stocking
SCH000409,S002,EMP017,John Davis,2024-01-22,evening,11:00,03:00,8.0,dairy
SCH000410,S002,EMP017,John Davis,2024-01-11,night,12:00,15:00,8.0,dairy
SCH000411,S002,EMP017,John Davis,2024-01-02,evening,08:00,02:00,8.0,dairy
SCH000412,S002,EMP017,John Davis,2024-01-20,night,19:00,02:00,8.0,checkout
SCH000413,S002,EMP017,John Davis,2024-01-08,morning,20:00,19:00,8.0,checkout
SCH000414,S002,EMP017,John Davis,2024-01-23,evening,18:00,18:00,8.0,checkout
SCH000415,S002,EMP017,John Davis,2024-01-30,night,19:00,16:00,8.0,dairy
SCH000416,S002,EMP017,John Davis,2024-01-20,morning,11:00,18:00,8.0,dairy
SCH000417,S002,EMP017,John Davis,2024-01-02,morning,07:00,06:00,8.0,meat
SCH000418,S002,EMP017,John Davis,2024-01-16,evening,11:00,18:00,8.0,dairy
SCH000419,S002,EMP017,John Davis,2024-01-20,night,19:00,18:00,8.0,stocking
SCH000420,S002,EMP017,John Davis,2024-01-20,evening,20:00,17:00,8.0,produce
SCH000421,S002,EMP017,John Davis,2024-01-02,morning,10:00,00:00,8.0,dairy
SCH000422,S002,EMP017,John Davis,2024-01-05,night,18:00,04:00,8.0,dairy
SCH000423,S002,EMP017,John Davis,2024-01-08,evening,22:00,01:00,8.0,bakery
SCH000424,S002,EMP017,John Davis,2024-01-15,morning,22:00,15:00,8.0,checkout
SCH000425,S002,EMP017,John Davis,2024-01-08,night,16:00,21:00,8.0,stocking
SCH000426,S002,EMP017,John Davis,2024-01-27,evening,07:00,19:00,8.0,produce
SCH000427,S002,EMP017,John Davis,2024-01-25,evening,20:00,05:00,8.0,stocking
SCH000428,S002,EMP017,John Davis,2024-01-13,morning,11:00,15:00,8.0,stocking
SCH000429,S002,EMP017,John Davis,2024-01-20,evening,14:00,17:00,8.0,meat
SCH000430,S002,EMP017,John Davis,2024-01-18,morning,13:00,15:00,8.0,bakery
SCH000431,S002,EMP017,John Davis,2024-01-05,evening,12:00,06:00,8.0,meat
SCH000432,S002,EMP018,Sarah Johnson,2024-01-26,night,14:00,14:00,8.0,produce
SCH000433,S002,EMP018,Sarah Johnson,2024-01-05,night,11:00,21:00,8.0,bakery
SCH000434,S002,EMP018,Sarah Johnson,2024-01-08,night,10:00,19:00,8.0,produce
SCH000435,S002,EMP018,Sarah Johnson,2024-01-04,night,08:00,22:00,8.0,produce
SCH000436,S002,EMP018,Sarah Johnson,2024-01-07,morning,07:00,14:00,8.0,meat
SCH000437,S002,EMP018,Sarah Johnson,2024-01-17,evening,15:00,16:00,8.0,meat
SCH000438,S002,EMP018,Sarah Johnson,2024-01-07,night,10:00,01:00,8.0,meat
SCH000439,S002,EMP018,Sarah Johnson,2024-01-25,morning,21:00,03:00,8.0,checkout
SCH000440,S002,EMP018,Sarah Johnson,2024-01-13,evening,11:00,02:00,8.0,produce
SCH000441,S002,EMP018,Sarah Johnson,2024-01-02,morning,15:00,15:00,8.0,stocking
SCH000442,S002,EMP018,Sarah Johnson,2024-01-03,night,19:00,01:00,8.0,meat
SCH000443,S002,EMP018,Sarah Johnson,2024-01-22,morning,18:00,06:00,8.0,dairy
SCH000444,S002,EMP018,Sarah Johnson,2024-01-12,evening,21:00,15:00,8.0,dairy
SCH000445,S002,EMP018,Sarah Johnson,2024-01-27,morning,09:00,00:00,8.0,meat
SCH000446,S002,EMP018,Sarah Johnson,2024-01-03,morning,21:00,04:00,8.0,checkout
SCH000447,S002,EMP018,Sarah Johnson,2024-01-02,evening,10:00,00:00,8.0,stocking
SCH000448,S002,EMP018,Sarah Johnson,2024-01-17,morning,20:00,01:00,8.0,bakery
SCH000449,S002,EMP018,Sarah Johnson,2024-01-26,evening,19:00,20:00,8.0,dairy
SCH000450,S002,EMP018,Sarah Johnson,2024-01-28,morning,22:00,04:00,8.0,meat
SCH000451,S002,EMP018,Sarah Johnson,2024-01-08,night,18:00,01:00,8.0,dairy
SCH000452,S002,EMP018,Sarah Johnson,2024-01-01,morning,06:00,21:00,8.0,dairy
SCH000453,S002,EMP018,Sarah Johnson,2024-01-08,night,11:00,00:00,8.0,checkout
SCH000454,S002,EMP018,Sarah Johnson,2024-01-12,morning,16:00,22:00,8.0,dairy
SCH000455,S002,EMP018,Sarah Johnson,2024-01-31,morning,06:00,14:00,8.0,meat
SCH000456,S002,EMP018,Sarah Johnson,2024-01-05,night,08:00,17:00,8.0,meat
SCH000457,S002,EMP018,Sarah Johnson,2024-01-18,night,15:00,04:00,8.0,stocking
SCH000458,S002,EMP018,Sarah Johnson,2024-01-30,night,06:00,17:00,8.0,bakery
SCH000459,S002,EMP018,Sarah Johnson,2024-01-07,evening,14:00,18:00,8.0,stocking
SCH000460,S002,EMP019,Sarah Brown,2024-01-19,morning,06:00,01:00,8.0,stocking
SCH000461,S002,EMP019,Sarah Brown,2024-01-13,morning,15:00,15:00,8.0,stocking
SCH000462,S002,EMP019,Sarah Brown,2024-01-16,morning,15:00,00:00,8.0,bakery
SCH000463,S002,EMP019,Sarah Brown,2024-01-14,evening,17:00,19:00,8.0,bakery
SCH000464,S002,EMP019,Sarah Brown,2024-01-20,night,21:00,16:00,8.0,meat
SCH000465,S002,EMP019,Sarah Brown,2024-01-07,night,11:00,22:00,8.0,dairy
SCH000466,S002,EMP019,Sarah Brown,2024-01-30,night,18:00,16:00,8.0,checkout
SCH000467,S002,EMP019,Sarah Brown,2024-01-14,evening,15:00,15:00,8.0,stocking
SCH000468,S002,EMP019,Sarah Brown,2024-01-02,morning,11:00,01:00,8.0,meat
SCH000469,S002,EMP019,Sarah Brown,2024-01-03,morning,21:00,18:00,8.0,meat
SCH000470,S002,EMP019,Sarah Brown,2024-01-30,night,15:00,02:00,8.0,bakery
SCH000471,S002,EMP019,Sarah Brown,2024-01-08,night,17:00,00:00,8.0,checkout
SCH000472,S002,EMP019,Sarah Brown,2024-01-16,evening,16:00,21:00,8.0,meat
SCH000473,S002,EMP019,Sarah Brown,2024-01-26,evening,12:00,23:00,8.0,dairy
SCH000474,S002,EMP019,Sarah Brown,2024-01-21,evening,09:00,19:00,8.0,produce
SCH000475,S002,EMP019,Sarah Brown,2024-01-24,night,12:00,17:00,8.0,bakery
SCH000476,S002,EMP019,Sarah Brown,2024-01-24,evening,14:00,03:00,8.0,produce
SCH000477,S002,EMP019,Sarah Brown,2024-01-17,evening,16:00,06:00,8.0,stocking
SCH000478,S002,EMP019,Sarah Brown,2024-01-12,night,15:00,04:00,8.0,checkout
SCH000479,S002,EMP019,Sarah Brown,2024-01-03,evening,22:00,18:00,8.0,checkout
SCH000480,S002,EMP019,Sarah Brown,2024-01-25,evening,21:00,14:00,8.0,meat
SCH000481,S002,EMP019,Sarah Brown,2024-01-12,night,11:00,02:00,8.0,bakery
SCH000482,S002,EMP019,Sarah Brown,2024-01-27,evening,20:00,06:00,8.0,dairy
SCH000483,S002,EMP019,Sarah Brown,2024-01-20,night,16:00,18:00,8.0,produce
SCH000484,S002,EMP019,Sarah Brown,2024-01-29,night,07:00,21:00,8.0,produce
SCH000485,S002,EMP019,Sarah Brown,2024-01-26,morning,12:00,22:00,8.0,meat
SCH000486,S002,EMP020,Sarah Brown,2024-01-23,morning,12:00,19:00,8.0,stocking
SCH000487,S002,EMP020,Sarah Brown,2024-01-02,morning,07:00,22:00,8.0,meat
SCH000488,S002,EMP020,Sarah Brown,2024-01-24,evening,10:00,19:00,8.0,dairy
SCH000489,S002,EMP020,Sarah Brown,2024-01-26,evening,12:00,01:00,8.0,dairy
SCH000490,S002,EMP020,Sarah Brown,2024-01-17,night,16:00,18:00,8.0,bakery
SCH000491,S002,EMP020,Sarah Brown,2024-01-29,night,21:00,01:00,8.0,meat
SCH000492,S002,EMP020,Sarah Brown,2024-01-02,morning,18:00,00:00,8.0,produce
SCH000493,S002,EMP020,Sarah Brown,2024-01-01,evening,12:00,00:00,8.0,meat
SCH000494,S002,EMP020,Sarah Brown,2024-01-15,evening,20:00,21:00,8.0,meat
SCH000495,S002,EMP020,Sarah Brown,2024-01-16,night,21:00,00:00,8.0,checkout
SCH000496,S002,EMP020,Sarah Brown,2024-01-04,evening,16:00,05:00,8.0,meat
SCH000497,S002,EMP020,Sarah Brown,2024-01-06,morning,17:00,23:00,8.0,checkout
SCH000498,S002,EMP020,Sarah Brown,2024-01-09,morning,09:00,01:00,8.0,produce
SCH000499,S002,EMP020,Sarah Brown,2024-01-09,morning,14:00,00:00,8.0,meat
SCH000500,S002,EMP020,Sarah Brown,2024-01-28,evening,22:00,02:00,8.0,produce
SCH000501,S002,EMP020,Sarah Brown,2024-01-30,evening,14:00,00:00,8.0,bakery
SCH000502,S002,EMP020,Sarah Brown,2024-01-16,evening,15:00,18:00,8.0,checkout
SCH000503,S002,EMP020,Sarah Brown,2024-01-29,night,14:00,20:00,8.0,bakery
SCH000504,S002,EMP020,Sarah Brown,2024-01-10,evening,11:00,14:00,8.0,stocking
SCH000505,S002,EMP020,Sarah Brown,2024-01-29,night,16:00,20:00,8.0,bakery
SCH000506,S002,EMP020,Sarah Brown,2024-01-04,morning,22:00,17:00,8.0,stocking
SCH000507,S002,EMP021,David Brown,2024-01-30,night,16:00,03:00,8.0,dairy
SCH000508,S002,EMP021,David Brown,2024-01-02,morning,17:00,15:00,8.0,bakery
SCH000509,S002,EMP021,David Brown,2024-01-21,morning,12:00,05:00,8.0,produce
SCH000510,S002,EMP021,David Brown,2024-01-15,morning,17:00,22:00,8.0,checkout
SCH000511,S002,EMP021,David Brown,2024-01-05,morning,06:00,20:00,8.0,bakery
SCH000512,S002,EMP021,David Brown,2024-01-06,evening,18:00,06:00,8.0,dairy
SCH000513,S002,EMP021,David Brown,2024-01-25,evening,20:00,20:00,8.0,meat
SCH000514,S002,EMP021,David Brown,2024-01-26,morning,08:00,05:00,8.0,produce
SCH000515,S002,EMP021,David Brown,2024-01-05,morning,20:00,18:00,8.0,produce
SCH000516,S002,EMP021,David Brown,2024-01-04,night,08:00,22:00,8.0,checkout
SCH000517,S002,EMP021,David Brown,2024-01-03,morning,12:00,15:00,8.0,produce
SCH000518,S002,EMP021,David Brown,2024-01-15,morning,21:00,20:00,8.0,produce
SCH000519,S002,EMP021,David Brown,2024-01-15,night,08:00,02:00,8.0,stocking
SCH000520,S002,EMP021,David Brown,2024-01-18,evening,16:00,21:00,8.0,meat
SCH000521,S002,EMP021,David Brown,2024-01-10,night,09:00,21:00,8.0,stocking
SCH000522,S002,EMP021,David Brown,2024-01-13,evening,12:00,21:00,8.0,checkout
SCH000523,S002,EMP021,David Brown,2024-01-05,morning,09:00,02:00,8.0,stocking
SCH000524,S002,EMP021,David Brown,2024-01-11,night,12:00,05:00,8.0,produce
SCH000525,S002,EMP021,David Brown,2024-01-24,morning,14:00,17:00,8.0,dairy
SCH000526,S002,EMP021,David Brown,2024-01-26,morning,11:00,03:00,8.0,dairy
SCH000527,S002,EMP021,David Brown,2024-01-18,evening,09:00,19:00,8.0,stocking
SCH000528,S002,EMP021,David Brown,2024-01-25,morning,12:00,00:00,8.0,bakery
SCH000529,S002,EMP022,Jane Johnson,2024-01-14,night,16:00,14:00,8.0,stocking
SCH000530,S002,EMP022,Jane Johnson,2024-01-30,night,13:00,01:00,8.0,stocking
SCH000531,S002,EMP022,Jane Johnson,2024-01-26,night,18:00,17:00,8.0,meat
SCH000532,S002,EMP022,Jane Johnson,2024-01-16,evening,18:00,23:00,8.0,dairy
SCH000533,S002,EMP022,Jane Johnson,2024-01-17,night,09:00,00:00,8.0,dairy
SCH000534,S002,EMP022,Jane Johnson,2024-01-01,night,15:00,22:00,8.0,meat
SCH000535,S002,EMP022,Jane Johnson,2024-01-12,night,16:00,18:00,8.0,produce
SCH000536,S002,EMP022,Jane Johnson,2024-01-31,night,16:00,17:00,8.0,dairy
SCH000537,S002,EMP022,Jane Johnson,2024-01-08,night,07:00,00:00,8.0,bakery
SCH000538,S002,EMP022,Jane Johnson,2024-01-27,night,11:00,20:00,8.0,meat
SCH000539,S002,EMP022,Jane Johnson,2024-01-27,morning,18:00,23:00,8.0,bakery
SCH000540,S002,EMP022,Jane Johnson,2024-01-11,night,08:00,21:00,8.0,produce
SCH000541,S002,EMP022,Jane Johnson,2024-01-19,evening,13:00,00:00,8.0,produce
SCH000542,S002,EMP022,Jane Johnson,2024-01-18,evening,16:00,23:00,8.0,bakery
SCH000543,S002,EMP022,Jane Johnson,2024-01-18,morning,11:00,03:00,8.0,dairy
SCH000544,S002,EMP022,Jane Johnson,2024-01-12,morning,10:00,06:00,8.0,stocking
SCH000545,S002,EMP022,Jane Johnson,2024-01-21,morning,09:00,02:00,8.0,stocking
SCH000546,S002,EMP022,Jane Johnson,2024-01-16,evening,07:00,20:00,8.0,stocking
SCH000547,S002,EMP022,Jane Johnson,2024-01-10,night,21:00,20:00,8.0,checkout
SCH000548,S002,EMP022,Jane Johnson,2024-01-09,morning,21:00,19:00,8.0,checkout
SCH000549,S002,EMP022,Jane Johnson,2024-01-24,morning,07:00,18:00,8.0,meat
SCH000550,S002,EMP022,Jane Johnson,2024-01-10,night,16:00,16:00,8.0,dairy
SCH000551,S002,EMP022,Jane Johnson,2024-01-31,evening,17:00,06:00,8.0,bakery
SCH000552,S002,EMP022,Jane Johnson,2024-01-19,morning,09:00,00:00,8.0,checkout
SCH000553,S002,EMP022,Jane Johnson,2024-01-04,evening,16:00,14:00,8.0,checkout
SCH000554,S002,EMP023,David Smith,2024-01-18,morning,06:00,15:00,8.0,stocking
SCH000555,S002,EMP023,David Smith,2024-01-09,night,07:00,17:00,8.0,dairy
SCH000556,S002,EMP023,David Smith,2024-01-31,night,22:00,19:00,8.0,bakery
SCH000557,S002,EMP023,David Smith,2024-01-15,morning,06:00,03:00,8.0,dairy
SCH000558,S002,EMP023,David Smith,2024-01-25,evening,14:00,06:00,8.0,stocking
SCH000559,S002,EMP023,David Smith,2024-01-10,morning,17:00,06:00,8.0,checkout
SCH000560,S002,EMP023,David Smith,2024-01-08,evening,20:00,23:00,8.0,bakery
SCH000561,S002,EMP023,David Smith,2024-01-21,evening,21:00,02:00,8.0,meat
SCH000562,S002,EMP023,David Smith,2024-01-22,night,22:00,16:00,8.0,stocking
SCH000563,S002,EMP023,David Smith,2024-01-22,night,14:00,22:00,8.0,bakery
SCH000564,S002,EMP023,David Smith,2024-01-21,evening,09:00,16:00,8.0,produce
SCH000565,S002,EMP023,David Smith,2024-01-23,morning,12:00,23:00,8.0,produce
SCH000566,S002,EMP023,David Smith,2024-01-10,morning,11:00,04:00,8.0,dairy
SCH000567,S002,EMP023,David Smith,2024-01-28,night,21:00,17:00,8.0,stocking
SCH000568,S002,EMP023,David Smith,2024-01-15,night,07:00,14:00,8.0,checkout
SCH000569,S002,EMP023,David Smith,2024-01-04,night,14:00,00:00,8.0,meat
SCH000570,S002,EMP023,David Smith,2024-01-02,night,10:00,17:00,8.0,bakery
SCH000571,S002,EMP023,David Smith,2024-01-23,night,16:00,15:00,8.0,checkout
SCH000572,S002,EMP023,David Smith,2024-01-31,morning,22:00,17:00,8.0,stocking
SCH000573,S002,EMP023,David Smith,2024-01-09,morning,08:00,02:00,8.0,bakery
SCH000574,S002,EMP023,David Smith,2024-01-27,night,18:00,16:00,8.0,dairy
SCH000575,S002,EMP023,David Smith,2024-01-13,night,14:00,18:00,8.0,stocking
SCH000576,S002,EMP023,David Smith,2024-01-16,morning,07:00,04:00,8.0,dairy
SCH000577,S002,EMP023,David Smith,2024-01-31,morning,15:00,06:00,8.0,bakery
SCH000578,S002,EMP023,David Smith,2024-01-01,night,17:00,16:00,8.0,dairy
SCH000579,S002,EMP023,David Smith,2024-01-29,night,10:00,01:00,8.0,dairy
SCH000580,S002,EMP023,David Smith,2024-01-05,morning,11:00,21:00,8.0,bakery
SCH000581,S002,EMP024,Lisa Johnson,2024-01-30,morning,19:00,15:00,8.0,meat
SCH000582,S002,EMP024,Lisa Johnson,2024-01-16,morning,20:00,03:00,8.0,bakery
SCH000583,S002,EMP024,Lisa Johnson,2024-01-25,night,18:00,05:00,8.0,produce
SCH000584,S002,EMP024,Lisa Johnson,2024-01-14,night,17:00,23:00,8.0,produce
SCH000585,S002,EMP024,Lisa Johnson,2024-01-11,night,10:00,23:00,8.0,meat
SCH000586,S002,EMP024,Lisa Johnson,2024-01-24,night,20:00,19:00,8.0,meat
SCH000587,S002,EMP024,Lisa Johnson,2024-01-24,morning,19:00,14:00,8.0,meat
SCH000588,S002,EMP024,Lisa Johnson,2024-01-17,evening,10:00,20:00,8.0,checkout
SCH000589,S002,EMP024,Lisa Johnson,2024-01-26,morning,15:00,06:00,8.0,meat
SCH000590,S002,EMP024,Lisa Johnson,2024-01-02,morning,15:00,06:00,8.0,produce
SCH000591,S002,EMP024,Lisa Johnson,2024-01-01,evening,07:00,05:00,8.0,meat
SCH000592,S002,EMP024,Lisa Johnson,2024-01-15,evening,09:00,18:00,8.0,checkout
SCH000593,S002,EMP024,Lisa Johnson,2024-01-10,morning,10:00,01:00,8.0,meat
SCH000594,S002,EMP024,Lisa Johnson,2024-01-21,night,20:00,15:00,8.0,produce
SCH000595,S002,EMP024,Lisa Johnson,2024-01-04,morning,06:00,20:00,8.0,checkout
SCH000596,S002,EMP024,Lisa Johnson,2024-01-14,night,10:00,15:00,8.0,dairy
SCH000597,S002,EMP024,Lisa Johnson,2024-01-28,night,14:00,16:00,8.0,stocking
SCH000598,S002,EMP024,Lisa Johnson,2024-01-01,morning,06:00,00:00,8.0,stocking
SCH000599,S002,EMP024,Lisa Johnson,2024-01-17,evening,11:00,01:00,8.0,dairy
SCH000600,S002,EMP024,Lisa Johnson,2024-01-09,morning,09:00,01:00,8.0,produce
SCH000601,S002,EMP024,Lisa Johnson,2024-01-13,night,09:00,14:00,8.0,checkout
SCH000602,S002,EMP024,Lisa Johnson,2024-01-30,morning,10:00,20:00,8.0,stocking
SCH000603,S002,EMP024,Lisa Johnson,2024-01-30,night,11:00,14:00,8.0,produce
SCH000604,S002,EMP024,Lisa Johnson,2024-01-08,evening,16:00,04:00,8.0,produce
SCH000605,S002,EMP025,Mike Brown,2024-01-06,morning,14:00,18:00,8.0,checkout
SCH000606,S002,EMP025,Mike Brown,2024-01-21,morning,17:00,16:00,8.0,checkout
SCH000607,S002,EMP025,Mike Brown,2024-01-17,night,13:00,23:00,8.0,produce
SCH000608,S002,EMP025,Mike Brown,2024-01-25,morning,06:00,14:00,8.0,checkout
SCH000609,S002,EMP025,Mike Brown,2024-01-07,night,17:00,18:00,8.0,dairy
SCH000610,S002,EMP025,Mike Brown,2024-01-08,night,18:00,21:00,8.0,bakery
SCH000611,S002,EMP025,Mike Brown,2024-01-04,evening,13:00,03:00,8.0,stocking
SCH000612,S002,EMP025,Mike Brown,2024-01-02,evening,11:00,16:00,8.0,produce
SCH000613,S002,EMP025,Mike Brown,2024-01-15,evening,18:00,04:00,8.0,checkout
SCH000614,S002,EMP025,Mike Brown,2024-01-30,night,20:00,16:00,8.0,checkout
SCH000615,S002,EMP025,Mike Brown,2024-01-31,morning,18:00,03:00,8.0,meat
SCH000616,S002,EMP025,Mike Brown,2024-01-03,morning,15:00,22:00,8.0,produce
SCH000617,S002,EMP025,Mike Brown,2024-01-04,morning,07:00,04:00,8.0,meat
SCH000618,S002,EMP025,Mike Brown,2024-01-12,evening,06:00,05:00,8.0,produce
SCH000619,S002,EMP025,Mike Brown,2024-01-27,night,16:00,21:00,8.0,meat
SCH000620,S002,EMP025,Mike Brown,2024-01-27,night,14:00,04:00,8.0,meat
SCH000621,S002,EMP025,Mike Brown,2024-01-26,morning,20:00,05:00,8.0,produce
SCH000622,S002,EMP025,Mike Brown,2024-01-31,night,14:00,22:00,8.0,meat
SCH000623,S002,EMP025,Mike Brown,2024-01-02,morning,10:00,01:00,8.0,checkout
SCH000624,S002,EMP025,Mike Brown,2024-01-17,evening,20:00,05:00,8.0,bakery
SCH000625,S002,EMP025,Mike Brown,2024-01-12,morning,06:00,20:00,8.0,meat
SCH000626,S002,EMP025,Mike Brown,2024-01-22,evening,17:00,17:00,8.0,produce
SCH000627,S002,EMP025,Mike Brown,2024-01-23,evening,18:00,20:00,8.0,produce
SCH000628,S002,EMP025,Mike Brown,2024-01-25,morning,14:00,00:00,8.0,produce
SCH000629,S002,EMP025,Mike Brown,2024-01-26,night,07:00,03:00,8.0,meat
SCH000630,S002,EMP025,Mike Brown,2024-01-08,night,13:00,19:00,8.0,meat
SCH000631,S002,EMP026,Mike Davis,2024-01-21,night,13:00,21:00,8.0,produce
SCH000632,S002,EMP026,Mike Davis,2024-01-17,morning,15:00,06:00,8.0,produce
SCH000633,S002,EMP026,Mike Davis,2024-01-18,morning,14:00,22:00,8.0,produce
SCH000634,S002,EMP026,Mike Davis,2024-01-11,morning,15:00,23:00,8.0,produce
SCH000635,S002,EMP026,Mike Davis,2024-01-26,evening,21:00,20:00,8.0,produce
SCH000636,S002,EMP026,Mike Davis,2024-01-04,morning,17:00,05:00,8.0,meat
SCH000637,S002,EMP026,Mike Davis,2024-01-28,night,20:00,15:00,8.0,produce
SCH000638,S002,EMP026,Mike Davis,2024-01-27,morning,17:00,18:00,8.0,produce
SCH000639,S002,EMP026,Mike Davis,2024-01-10,evening,22:00,02:00,8.0,checkout
SCH000640,S002,EMP026,Mike Davis,2024-01-29,morning,06:00,14:00,8.0,dairy
SCH000641,S002,EMP026,Mike Davis,2024-01-06,night,09:00,00:00,8.0,meat
SCH000642,S002,EMP026,Mike Davis,2024-01-10,morning,20:00,05:00,8.0,stocking
SCH000643,S002,EMP026,Mike Davis,2024-01-18,morning,18:00,06:00,8.0,meat
SCH000644,S002,EMP026,Mike Davis,2024-01-04,morning,06:00,21:00,8.0,produce
SCH000645,S002,EMP026,Mike Davis,2024-01-06,morning,19:00,23:00,8.0,meat
SCH000646,S002,EMP026,Mike Davis,2024-01-14,evening,22:00,23:00,8.0,checkout
SCH000647,S002,EMP026,Mike Davis,2024-01-12,morning,15:00,04:00,8.0,bakery
SCH000648,S002,EMP026,Mike Davis,2024-01-08,night,18:00,19:00,8.0,checkout
SCH000649,S002,EMP026,Mike Davis,2024-01-18,morning,21:00,01:00,8.0,stocking
SCH000650,S002,EMP026,Mike Davis,2024-01-26,evening,22:00,21:00,8.0,checkout
SCH000651,S002,EMP026,Mike Davis,2024-01-19,morning,18:00,22:00,8.0,stocking
SCH000652,S002,EMP026,Mike Davis,2024-01-17,night,13:00,22:00,8.0,checkout
SCH000653,S002,EMP026,Mike Davis,2024-01-26,morning,18:00,19:00,8.0,checkout
SCH000654,S002,EMP026,Mike Davis,2024-01-01,night,21:00,18:00,8.0,checkout
SCH000655,S002,EMP026,Mike Davis,2024-01-09,evening,19:00,22:00,8.0,dairy
SCH000656,S002,EMP026,Mike Davis,2024-01-26,morning,13:00,05:00,8.0,dairy
SCH000657,S002,EMP026,Mike Davis,2024-01-03,night,18:00,23:00,8.0,bakery
SCH000658,S002,EMP027,Jane Davis,2024-01-06,morning,11:00,21:00,8.0,bakery
SCH000659,S002,EMP027,Jane Davis,2024-01-30,morning,11:00,17:00,8.0,checkout
SCH000660,S002,EMP027,Jane Davis,2024-01-12,morning,20:00,01:00,8.0,stocking
SCH000661,S002,EMP027,Jane Davis,2024-01-04,evening,14:00,23:00,8.0,stocking
SCH000662,S002,EMP027,Jane Davis,2024-01-29,night,17:00,14:00,8.0,produce
SCH000663,S002,EMP027,Jane Davis,2024-01-16,evening,11:00,21:00,8.0,meat
SCH000664,S002,EMP027,Jane Davis,2024-01-17,night,19:00,19:00,8.0,produce
SCH000665,S002,EMP027,Jane Davis,2024-01-09,night,19:00,22:00,8.0,bakery
SCH000666,S002,EMP027,Jane Davis,2024-01-27,morning,20:00,17:00,8.0,bakery
SCH000667,S002,EMP027,Jane Davis,2024-01-30,night,09:00,21:00,8.0,bakery
SCH000668,S002,EMP027,Jane Davis,2024-01-18,evening,14:00,03:00,8.0,checkout
SCH000669,S002,EMP027,Jane Davis,2024-01-09,night,11:00,00:00,8.0,checkout
SCH000670,S002,EMP027,Jane Davis,2024-01-09,evening,08:00,18:00,8.0,meat
SCH000671,S002,EMP027,Jane Davis,2024-01-14,night,08:00,22:00,8.0,bakery
SCH000672,S002,EMP027,Jane Davis,2024-01-26,evening,08:00,05:00,8.0,produce
SCH000673,S002,EMP027,Jane Davis,2024-01-07,evening,18:00,03:00,8.0,produce
SCH000674,S002,EMP027,Jane Davis,2024-01-01,evening,09:00,17:00,8.0,checkout
SCH000675,S002,EMP027,Jane Davis,2024-01-24,night,15:00,19:00,8.0,produce
SCH000676,S002,EMP027,Jane Davis,2024-01-06,evening,20:00,16:00,8.0,stocking
SCH000677,S002,EMP027,Jane Davis,2024-01-18,morning,07:00,19:00,8.0,dairy
SCH000678,S002,EMP027,Jane Davis,2024-01-01,night,14:00,18:00,8.0,produce
SCH000679,S002,EMP027,Jane Davis,2024-01-26,morning,22:00,15:00,8.0,meat
SCH000680,S002,EMP027,Jane Davis,2024-01-19,night,20:00,04:00,8.0,produce
SCH000681,S002,EMP028,Jane Smith,2024-01-08,morning,11:00,05:00,8.0,stocking
SCH000682,S002,EMP028,Jane Smith,2024-01-08,evening,12:00,16:00,8.0,checkout
SCH000683,S002,EMP028,Jane Smith,2024-01-12,night,17:00,15:00,8.0,stocking
SCH000684,S002,EMP028,Jane Smith,2024-01-17,morning,11:00,22:00,8.0,bakery
SCH000685,S002,EMP028,Jane Smith,2024-01-23,night,21:00,14:00,8.0,checkout
SCH000686,S002,EMP028,Jane Smith,2024-01-01,evening,12:00,03:00,8.0,checkout
SCH000687,S002,EMP028,Jane Smith,2024-01-08,night,17:00,06:00,8.0,meat
SCH000688,S002,EMP028,Jane Smith,2024-01-19,night,21:00,03:00,8.0,stocking
SCH000689,S002,EMP028,Jane Smith,2024-01-09,evening,11:00,15:00,8.0,produce
SCH000690,S002,EMP028,Jane Smith,2024-01-21,morning,16:00,01:00,8.0,meat
SCH000691,S002,EMP028,Jane Smith,2024-01-27,morning,14:00,18:00,8.0,bakery
SCH000692,S002,EMP028,Jane Smith,2024-01-13,evening,13:00,02:00,8.0,produce
SCH000693,S002,EMP028,Jane Smith,2024-01-24,evening,16:00,22:00,8.0,bakery
SCH000694,S002,EMP028,Jane Smith,2024-01-24,evening,19:00,15:00,8.0,checkout
SCH000695,S002,EMP028,Jane Smith,2024-01-16,evening,16:00,20:00,8.0,bakery
SCH000696,S002,EMP028,Jane Smith,2024-01-25,evening,16:00,03:00,8.0,stocking
SCH000697,S002,EMP028,Jane Smith,2024-01-22,night,08:00,18:00,8.0,stocking
SCH000698,S002,EMP028,Jane Smith,2024-01-03,morning,15:00,14:00,8.0,dairy
SCH000699,S002,EMP028,Jane Smith,2024-01-09,night,06:00,21:00,8.0,dairy
SCH000700,S002,EMP028,Jane Smith,2024-01-06,evening,20:00,05:00,8.0,bakery
SCH000701,S002,EMP029,Lisa Brown,2024-01-05,night,16:00,14:00,8.0,bakery
SCH000702,S002,EMP029,Lisa Brown,2024-01-11,evening,16:00,17:00,8.0,produce
SCH000703,S002,EMP029,Lisa Brown,2024-01-06,evening,07:00,22:00,8.0,stocking
SCH000704,S002,EMP029,Lisa Brown,2024-01-27,night,18:00,21:00,8.0,meat
SCH000705,S002,EMP029,Lisa Brown,2024-01-18,morning,12:00,02:00,8.0,produce
SCH000706,S002,EMP029,Lisa Brown,2024-01-20,morning,09:00,15:00,8.0,stocking
SCH000707,S002,EMP029,Lisa Brown,2024-01-10,night,09:00,03:00,8.0,produce
SCH000708,S002,EMP029,Lisa Brown,2024-01-19,evening,09:00,16:00,8.0,checkout
SCH000709,S002,EMP029,Lisa Brown,2024-01-08,evening,06:00,15:00,8.0,meat
SCH000710,S002,EMP029,Lisa Brown,2024-01-31,evening,22:00,03:00,8.0,bakery
SCH000711,S002,EMP029,Lisa Brown,2024-01-02,night,08:00,19:00,8.0,produce
SCH000712,S002,EMP029,Lisa Brown,2024-01-28,evening,12:00,22:00,8.0,meat
SCH000713,S002,EMP029,Lisa Brown,2024-01-11,evening,17:00,15:00,8.0,checkout
SCH000714,S002,EMP029,Lisa Brown,2024-01-22,evening,19:00,20:00,8.0,bakery
SCH000715,S002,EMP029,Lisa Brown,2024-01-18,evening,07:00,19:00,8.0,dairy
SCH000716,S002,EMP029,Lisa Brown,2024-01-04,morning,06:00,18:00,8.0,meat
SCH000717,S002,EMP029,Lisa Brown,2024-01-13,morning,16:00,21:00,8.0,bakery
SCH000718,S002,EMP029,Lisa Brown,2024-01-11,night,07:00,15:00,8.0,produce
SCH000719,S002,EMP029,Lisa Brown,2024-01-22,evening,11:00,16:00,8.0,produce
SCH000720,S002,EMP029,Lisa Brown,2024-01-20,morning,08:00,01:00,8.0,checkout
SCH000721,S002,EMP029,Lisa Brown,2024-01-08,morning,22:00,01:00,8.0,bakery
SCH000722,S002,EMP029,Lisa Brown,2024-01-29,evening,21:00,02:00,8.0,bakery
SCH000723,S002,EMP029,Lisa Brown,2024-01-29,night,18:00,04:00,8.0,checkout
SCH000724,S002,EMP029,Lisa Brown,2024-01-18,evening,12:00,03:00,8.0,stocking
SCH000725,S002,EMP029,Lisa Brown,2024-01-30,morning,12:00,21:00,8.0,produce
SCH000726,S002,EMP030,Lisa Wilson,2024-01-18,night,09:00,18:00,8.0,stocking
SCH000727,S002,EMP030,Lisa Wilson,2024-01-26,evening,20:00,03:00,8.0,stocking
SCH000728,S002,EMP030,Lisa Wilson,2024-01-19,morning,18:00,16:00,8.0,produce
SCH000729,S002,EMP030,Lisa Wilson,2024-01-30,night,19:00,05:00,8.0,meat
SCH000730,S002,EMP030,Lisa Wilson,2024-01-21,evening,10:00,21:00,8.0,checkout
SCH000731,S002,EMP030,Lisa Wilson,2024-01-25,night,11:00,19:00,8.0,meat
SCH000732,S002,EMP030,Lisa Wilson,2024-01-26,evening,20:00,01:00,8.0,stocking
SCH000733,S002,EMP030,Lisa Wilson,2024-01-01,evening,21:00,19:00,8.0,checkout
SCH000734,S002,EMP030,Lisa Wilson,2024-01-27,morning,17:00,17:00,8.0,produce
SCH000735,S002,EMP030,Lisa Wilson,2024-01-11,evening,15:00,06:00,8.0,checkout
SCH000736,S002,EMP030,Lisa Wilson,2024-01-13,morning,22:00,15:00,8.0,stocking
SCH000737,S002,EMP030,Lisa Wilson,2024-01-06,evening,16:00,17:00,8.0,meat
SCH000738,S002,EMP030,Lisa Wilson,2024-01-10,morning,08:00,14:00,8.0,dairy
SCH000739,S002,EMP030,Lisa Wilson,2024-01-25,morning,06:00,02:00,8.0,meat
SCH000740,S002,EMP030,Lisa Wilson,2024-01-27,evening,22:00,19:00,8.0,stocking
SCH000741,S002,EMP030,Lisa Wilson,2024-01-07,night,17:00,01:00,8.0,dairy
SCH000742,S002,EMP030,Lisa Wilson,2024-01-19,night,06:00,17:00,8.0,produce
SCH000743,S002,EMP030,Lisa Wilson,2024-01-10,evening,18:00,04:00,8.0,bakery
SCH000744,S002,EMP030,Lisa Wilson,2024-01-06,morning,08:00,17:00,8.0,stocking
SCH000745,S002,EMP030,Lisa Wilson,2024-01-19,night,19:00,18:00,8.0,produce
SCH000746,S002,EMP030,Lisa Wilson,2024-01-28,morning,07:00,04:00,8.0,dairy
SCH000747,S002,EMP030,Lisa Wilson,2024-01-02,evening,14:00,23:00,8.0,stocking
SCH000748,S002,EMP030,Lisa Wilson,2024-01-15,morning,20:00,18:00,8.0,bakery
SCH000749,S003,EMP031,John Wilson,2024-01-01,night,18:00,01:00,8.0,stocking
SCH000750,S003,EMP031,John Wilson,2024-01-16,evening,12:00,03:00,8.0,bakery
SCH000751,S003,EMP031,John Wilson,2024-01-20,morning,14:00,04:00,8.0,produce
SCH000752,S003,EMP031,John Wilson,2024-01-01,evening,07:00,06:00,8.0,checkout
SCH000753,S003,EMP031,John Wilson,2024-01-17,morning,14:00,19:00,8.0,stocking
SCH000754,S003,EMP031,John Wilson,2024-01-04,morning,22:00,01:00,8.0,produce
SCH000755,S003,EMP031,John Wilson,2024-01-19,morning,07:00,05:00,8.0,dairy
SCH000756,S003,EMP031,John Wilson,2024-01-24,night,15:00,01:00,8.0,stocking
SCH000757,S003,EMP031,John Wilson,2024-01-09,morning,19:00,19:00,8.0,dairy
SCH000758,S003,EMP031,John Wilson,2024-01-17,evening,21:00,04:00,8.0,checkout
SCH000759,S003,EMP031,John Wilson,2024-01-28,morning,14:00,06:00,8.0,stocking
SCH000760,S003,EMP031,John Wilson,2024-01-14,morning,10:00,23:00,8.0,checkout
SCH000761,S003,EMP031,John Wilson,2024-01-20,morning,08:00,00:00,8.0,checkout
SCH000762,S003,EMP031,John Wilson,2024-01-06,evening,18:00,20:00,8.0,meat
SCH000763,S003,EMP031,John Wilson,2024-01-03,evening,06:00,16:00,8.0,bakery
SCH000764,S003,EMP031,John Wilson,2024-01-04,evening,18:00,03:00,8.0,checkout
SCH000765,S003,EMP031,John Wilson,2024-01-08,morning,11:00,17:00,8.0,produce
SCH000766,S003,EMP031,John Wilson,2024-01-23,night,17:00,18:00,8.0,stocking
SCH000767,S003,EMP031,John Wilson,2024-01-13,evening,22:00,03:00,8.0,produce
SCH000768,S003,EMP031,John Wilson,2024-01-16,evening,09:00,22:00,8.0,checkout
SCH000769,S003,EMP031,John Wilson,2024-01-17,evening,20:00,20:00,8.0,stocking
SCH000770,S003,EMP031,John Wilson,2024-01-17,morning,15:00,16:00,8.0,bakery
SCH000771,S003,EMP031,John Wilson,2024-01-15,morning,08:00,17:00,8.0,bakery
SCH000772,S003,EMP031,John Wilson,2024-01-03,night,12:00,02:00,8.0,checkout
SCH000773,S003,EMP031,John Wilson,2024-01-23,morning,21:00,05:00,8.0,checkout
SCH000774,S003,EMP032,David Wilson,2024-01-07,evening,19:00,15:00,8.0,produce
SCH000775,S003,EMP032,David Wilson,2024-01-22,evening,11:00,17:00,8.0,bakery
SCH000776,S003,EMP032,David Wilson,2024-01-07,morning,13:00,20:00,8.0,stocking
SCH000777,S003,EMP032,David Wilson,2024-01-30,morning,13:00,16:00,8.0,stocking
SCH000778,S003,EMP032,David Wilson,2024-01-19,morning,08:00,17:00,8.0,checkout
SCH000779,S003,EMP032,David Wilson,2024-01-11,evening,19:00,18:00,8.0,produce
SCH000780,S003,EMP032,David Wilson,2024-01-30,morning,06:00,18:00,8.0,produce
SCH000781,S003,EMP032,David Wilson,2024-01-22,evening,20:00,19:00,8.0,produce
SCH000782,S003,EMP032,David Wilson,2024-01-17,evening,22:00,06:00,8.0,stocking
SCH000783,S003,EMP032,David Wilson,2024-01-14,evening,22:00,18:00,8.0,produce
SCH000784,S003,EMP032,David Wilson,2024-01-15,night,21:00,16:00,8.0,dairy
SCH000785,S003,EMP032,David Wilson,2024-01-04,morning,21:00,06:00,8.0,bakery
SCH000786,S003,EMP032,David Wilson,2024-01-19,night,13:00,16:00,8.0,meat
SCH000787,S003,EMP032,David Wilson,2024-01-23,morning,21:00,18:00,8.0,checkout
SCH000788,S003,EMP032,David Wilson,2024-01-10,evening,09:00,22:00,8.0,bakery
SCH000789,S003,EMP032,David Wilson,2024-01-31,night,07:00,21:00,8.0,checkout
SCH000790,S003,EMP032,David Wilson,2024-01-11,evening,15:00,18:00,8.0,bakery
SCH000791,S003,EMP032,David Wilson,2024-01-01,morning,15:00,03:00,8.0,bakery
SCH000792,S003,EMP032,David Wilson,2024-01-14,night,20:00,00:00,8.0,checkout
SCH000793,S003,EMP032,David Wilson,2024-01-04,morning,15:00,18:00,8.0,bakery
SCH000794,S003,EMP032,David Wilson,2024-01-02,night,19:00,14:00,8.0,dairy
SCH000795,S003,EMP033,Lisa Smith,2024-01-01,morning,20:00,20:00,8.0,checkout
SCH000796,S003,EMP033,Lisa Smith,2024-01-27,night,13:00,22:00,8.0,produce
SCH000797,S003,EMP033,Lisa Smith,2024-01-31,night,15:00,05:00,8.0,produce
SCH000798,S003,EMP033,Lisa Smith,2024-01-03,evening,07:00,21:00,8.0,bakery
SCH000799,S003,EMP033,Lisa Smith,2024-01-16,morning,20:00,06:00,8.0,stocking
SCH000800,S003,EMP033,Lisa Smith,2024-01-13,evening,14:00,14:00,8.0,checkout
SCH000801,S003,EMP033,Lisa Smith,2024-01-31,morning,20:00,22:00,8.0,bakery
SCH000802,S003,EMP033,Lisa Smith,2024-01-02,evening,11:00,16:00,8.0,checkout
SCH000803,S003,EMP033,Lisa Smith,2024-01-17,night,13:00,23:00,8.0,checkout
SCH000804,S003,EMP033,Lisa Smith,2024-01-09,evening,12:00,19:00,8.0,stocking
SCH000805,S003,EMP033,Lisa Smith,2024-01-18,night,10:00,03:00,8.0,checkout
SCH000806,S003,EMP033,Lisa Smith,2024-01-22,evening,07:00,00:00,8.0,dairy
SCH000807,S003,EMP033,Lisa Smith,2024-01-14,evening,07:00,02:00,8.0,dairy
SCH000808,S003,EMP033,Lisa Smith,2024-01-24,evening,09:00,19:00,8.0,dairy
SCH000809,S003,EMP033,Lisa Smith,2024-01-19,night,07:00,17:00,8.0,produce
SCH000810,S003,EMP033,Lisa Smith,2024-01-08,morning,22:00,01:00,8.0,produce
SCH000811,S003,EMP033,Lisa Smith,2024-01-21,night,15:00,21:00,8.0,produce
SCH000812,S003,EMP033,Lisa Smith,2024-01-04,night,18:00,21:00,8.0,bakery
SCH000813,S003,EMP033,Lisa Smith,2024-01-28,morning,13:00,17:00,8.0,stocking
SCH000814,S003,EMP033,Lisa Smith,2024-01-21,morning,10:00,03:00,8.0,dairy
SCH000815,S003,EMP033,Lisa Smith,2024-01-22,evening,20:00,15:00,8.0,meat
SCH000816,S003,EMP033,Lisa Smith,2024-01-19,morning,22:00,14:00,8.0,meat
SCH000817,S003,EMP033,Lisa Smith,2024-01-13,evening,12:00,02:00,8.0,produce
SCH000818,S003,EMP033,Lisa Smith,2024-01-04,evening,17:00,19:00,8.0,bakery
SCH000819,S003,EMP033,Lisa Smith,2024-01-24,evening,06:00,02:00,8.0,stocking
SCH000820,S003,EMP033,Lisa Smith,2024-01-22,night,14:00,15:00,8.0,checkout
SCH000821,S003,EMP033,Lisa Smith,2024-01-09,night,10:00,01:00,8.0,meat
SCH000822,S003,EMP033,Lisa Smith,2024-01-16,morning,12:00,02:00,8.0,checkout
SCH000823,S003,EMP033,Lisa Smith,2024-01-08,night,06:00,18:00,8.0,produce
SCH000824,S003,EMP034,John Wilson,2024-01-07,night,08:00,02:00,8.0,checkout
SCH000825,S003,EMP034,John Wilson,2024-01-13,morning,12:00,00:00,8.0,dairy
SCH000826,S003,EMP034,John Wilson,2024-01-20,evening,09:00,00:00,8.0,checkout
SCH000827,S003,EMP034,John Wilson,2024-01-02,night,11:00,02:00,8.0,bakery
SCH000828,S003,EMP034,John Wilson,2024-01-13,night,21:00,17:00,8.0,checkout
SCH000829,S003,EMP034,John Wilson,2024-01-13,morning,20:00,22:00,8.0,meat
SCH000830,S003,EMP034,John Wilson,2024-01-30,evening,16:00,03:00,8.0,stocking
SCH000831,S003,EMP034,John Wilson,2024-01-04,morning,20:00,01:00,8.0,bakery
SCH000832,S003,EMP034,John Wilson,2024-01-30,morning,09:00,06:00,8.0,dairy
SCH000833,S003,EMP034,John Wilson,2024-01-30,night,16:00,21:00,8.0,checkout
SCH000834,S003,EMP034,John Wilson,2024-01-25,evening,19:00,00:00,8.0,bakery
SCH000835,S003,EMP034,John Wilson,2024-01-10,evening,08:00,18:00,8.0,meat
SCH000836,S003,EMP034,John Wilson,2024-01-11,morning,13:00,15:00,8.0,meat
SCH000837,S003,EMP034,John Wilson,2024-01-02,morning,13:00,19:00,8.0,meat
SCH000838,S003,EMP034,John Wilson,2024-01-21,morning,19:00,20:00,8.0,stocking
SCH000839,S003,EMP034,John Wilson,2024-01-09,morning,19:00,19:00,8.0,dairy
SCH000840,S003,EMP034,John Wilson,2024-01-17,morning,20:00,16:00,8.0,bakery
SCH000841,S003,EMP034,John Wilson,2024-01-11,morning,15:00,05:00,8.0,produce
SCH000842,S003,EMP034,John Wilson,2024-01-23,night,15:00,18:00,8.0,produce
SCH000843,S003,EMP034,John Wilson,2024-01-01,evening,17:00,01:00,8.0,checkout
SCH000844,S003,EMP034,John Wilson,2024-01-04,night,11:00,05:00,8.0,stocking
SCH000845,S003,EMP034,John Wilson,2024-01-17,evening,06:00,19:00,8.0,meat
SCH000846,S003,EMP034,John Wilson,2024-01-27,evening,07:00,01:00,8.0,stocking
SCH000847,S003,EMP034,John Wilson,2024-01-14,evening,14:00,20:00,8.0,produce
SCH000848,S003,EMP034,John Wilson,2024-01-24,night,17:00,04:00,8.0,checkout
SCH000849,S003,EMP034,John Wilson,2024-01-03,morning,14:00,05:00,8.0,dairy
SCH000850,S003,EMP034,John Wilson,2024-01-11,morning,12:00,03:00,8.0,bakery
SCH000851,S003,EMP034,John Wilson,2024-01-18,evening,11:00,01:00,8.0,produce
SCH000852,S003,EMP035,David Davis,2024-01-02,night,21:00,06:00,8.0,bakery
SCH000853,S003,EMP035,David Davis,2024-01-24,evening,15:00,01:00,8.0,checkout
SCH000854,S003,EMP035,David Davis,2024-01-18,night,11:00,16:00,8.0,bakery
SCH000855,S003,EMP035,David Davis,2024-01-05,evening,16:00,16:00,8.0,meat
SCH000856,S003,EMP035,David Davis,2024-01-06,morning,16:00,20:00,8.0,dairy
SCH000857,S003,EMP035,David Davis,2024-01-11,morning,13:00,16:00,8.0,checkout
SCH000858,S003,EMP035,David Davis,2024-01-14,morning,06:00,01:00,8.0,stocking
SCH000859,S003,EMP035,David Davis,2024-01-20,morning,21:00,20:00,8.0,stocking
SCH000860,S003,EMP035,David Davis,2024-01-14,morning,11:00,22:00,8.0,stocking
SCH000861,S003,EMP035,David Davis,2024-01-09,morning,10:00,17:00,8.0,dairy
SCH000862,S003,EMP035,David Davis,2024-01-30,night,19:00,17:00,8.0,meat
SCH000863,S003,EMP035,David Davis,2024-01-20,evening,12:00,04:00,8.0,bakery
SCH000864,S003,EMP035,David Davis,2024-01-16,evening,18:00,01:00,8.0,checkout
SCH000865,S003,EMP035,David Davis,2024-01-27,night,07:00,00:00,8.0,checkout
SCH000866,S003,EMP035,David Davis,2024-01-09,evening,06:00,17:00,8.0,stocking
SCH000867,S003,EMP035,David Davis,2024-01-19,evening,10:00,22:00,8.0,dairy
SCH000868,S003,EMP035,David Davis,2024-01-26,evening,07:00,19:00,8.0,bakery
SCH000869,S003,EMP035,David Davis,2024-01-22,morning,22:00,18:00,8.0,bakery
SCH000870,S003,EMP035,David Davis,2024-01-29,morning,10:00,19:00,8.0,stocking
SCH000871,S003,EMP035,David Davis,2024-01-17,morning,08:00,23:00,8.0,stocking
SCH000872,S003,EMP035,David Davis,2024-01-17,morning,12:00,02:00,8.0,checkout
SCH000873,S003,EMP035,David Davis,2024-01-15,night,07:00,20:00,8.0,produce
SCH000874,S003,EMP035,David Davis,2024-01-07,night,18:00,15:00,8.0,produce
SCH000875,S003,EMP035,David Davis,2024-01-08,night,17:00,14:00,8.0,bakery
SCH000876,S003,EMP035,David Davis,2024-01-13,morning,08:00,15:00,8.0,bakery
SCH000877,S003,EMP035,David Davis,2024-01-30,evening,06:00,02:00,8.0,produce
SCH000878,S003,EMP036,Lisa Wilson,2024-01-30,night,18:00,20:00,8.0,produce
SCH000879,S003,EMP036,Lisa Wilson,2024-01-14,evening,16:00,21:00,8.0,stocking
SCH000880,S003,EMP036,Lisa Wilson,2024-01-21,morning,06:00,23:00,8.0,stocking
SCH000881,S003,EMP036,Lisa Wilson,2024-01-15,evening,17:00,19:00,8.0,bakery
SCH000882,S003,EMP036,Lisa Wilson,2024-01-31,morning,10:00,17:00,8.0,meat
SCH000883,S003,EMP036,Lisa Wilson,2024-01-07,morning,07:00,23:00,8.0,checkout
SCH000884,S003,EMP036,Lisa Wilson,2024-01-02,morning,08:00,05:00,8.0,dairy
SCH000885,S003,EMP036,Lisa Wilson,2024-01-10,evening,14:00,01:00,8.0,bakery
SCH000886,S003,EMP036,Lisa Wilson,2024-01-06,evening,11:00,03:00,8.0,bakery
SCH000887,S003,EMP036,Lisa Wilson,2024-01-20,morning,19:00,23:00,8.0,stocking
SCH000888,S003,EMP036,Lisa Wilson,2024-01-03,evening,10:00,23:00,8.0,dairy
SCH000889,S003,EMP036,Lisa Wilson,2024-01-02,evening,16:00,18:00,8.0,dairy
SCH000890,S003,EMP036,Lisa Wilson,2024-01-05,morning,06:00,02:00,8.0,meat
SCH000891,S003,EMP036,Lisa Wilson,2024-01-01,evening,14:00,05:00,8.0,dairy
SCH000892,S003,EMP036,Lisa Wilson,2024-01-09,night,08:00,18:00,8.0,bakery
SCH000893,S003,EMP036,Lisa Wilson,2024-01-03,evening,15:00,20:00,8.0,checkout
SCH000894,S003,EMP036,Lisa Wilson,2024-01-30,morning,20:00,16:00,8.0,dairy
SCH000895,S003,EMP036,Lisa Wilson,2024-01-29,night,17:00,05:00,8.0,stocking
SCH000896,S003,EMP036,Lisa Wilson,2024-01-04,night,11:00,04:00,8.0,stocking
SCH000897,S003,EMP036,Lisa Wilson,2024-01-21,morning,19:00,02:00,8.0,bakery
SCH000898,S003,EMP036,Lisa Wilson,2024-01-21,morning,15:00,18:00,8.0,meat
SCH000899,S003,EMP036,Lisa Wilson,2024-01-29,evening,20:00,22:00,8.0,stocking
SCH000900,S003,EMP036,Lisa Wilson,2024-01-25,morning,15:00,04:00,8.0,meat
SCH000901,S003,EMP037,David Wilson,2024-01-12,night,15:00,03:00,8.0,bakery
SCH000902,S003,EMP037,David Wilson,2024-01-03,morning,11:00,05:00,8.0,meat
SCH000903,S003,EMP037,David Wilson,2024-01-13,evening,21:00,01:00,8.0,bakery
SCH000904,S003,EMP037,David Wilson,2024-01-04,night,20:00,06:00,8.0,checkout
SCH000905,S003,EMP037,David Wilson,2024-01-14,morning,11:00,04:00,8.0,produce
SCH000906,S003,EMP037,David Wilson,2024-01-19,night,21:00,21:00,8.0,bakery
SCH000907,S003,EMP037,David Wilson,2024-01-31,evening,20:00,06:00,8.0,stocking
SCH000908,S003,EMP037,David Wilson,2024-01-03,evening,18:00,06:00,8.0,meat
SCH000909,S003,EMP037,David Wilson,2024-01-31,evening,06:00,03:00,8.0,stocking
SCH000910,S003,EMP037,David Wilson,2024-01-22,night,17:00,21:00,8.0,checkout
SCH000911,S003,EMP037,David Wilson,2024-01-25,night,14:00,01:00,8.0,dairy
SCH000912,S003,EMP037,David Wilson,2024-01-21,evening,19:00,05:00,8.0,produce
SCH000913,S003,EMP037,David Wilson,2024-01-08,night,07:00,01:00,8.0,checkout
SCH000914,S003,EMP037,David Wilson,2024-01-24,night,14:00,04:00,8.0,bakery
SCH000915,S003,EMP037,David Wilson,2024-01-15,night,17:00,20:00,8.0,produce
SCH000916,S003,EMP037,David Wilson,2024-01-17,morning,12:00,14:00,8.0,checkout
SCH000917,S003,EMP037,David Wilson,2024-01-25,morning,20:00,21:00,8.0,dairy
SCH000918,S003,EMP037,David Wilson,2024-01-30,night,06:00,00:00,8.0,stocking
SCH000919,S003,EMP037,David Wilson,2024-01-03,night,20:00,23:00,8.0,checkout
SCH000920,S003,EMP037,David Wilson,2024-01-11,evening,09:00,16:00,8.0,dairy
SCH000921,S003,EMP037,David Wilson,2024-01-14,night,21:00,21:00,8.0,dairy
SCH000922,S003,EMP037,David Wilson,2024-01-03,night,16:00,03:00,8.0,meat
SCH000923,S003,EMP037,David Wilson,2024-01-26,evening,12:00,18:00,8.0,meat
SCH000924,S003,EMP037,David Wilson,2024-01-04,morning,19:00,22:00,8.0,checkout
SCH000925,S003,EMP037,David Wilson,2024-01-09,night,21:00,06:00,8.0,dairy
SCH000926,S003,EMP038,David Johnson,2024-01-27,evening,07:00,18:00,8.0,dairy
SCH000927,S003,EMP038,David Johnson,2024-01-22,night,18:00,04:00,8.0,dairy
SCH000928,S003,EMP038,David Johnson,2024-01-12,morning,14:00,14:00,8.0,dairy
SCH000929,S003,EMP038,David Johnson,2024-01-02,evening,11:00,17:00,8.0,checkout
SCH000930,S003,EMP038,David Johnson,2024-01-06,morning,12:00,20:00,8.0,meat
SCH000931,S003,EMP038,David Johnson,2024-01-24,evening,09:00,01:00,8.0,stocking
SCH000932,S003,EMP038,David Johnson,2024-01-07,evening,21:00,18:00,8.0,produce
SCH000933,S003,EMP038,David Johnson,2024-01-12,evening,21:00,00:00,8.0,bakery
SCH000934,S003,EMP038,David Johnson,2024-01-17,evening,06:00,23:00,8.0,dairy
SCH000935,S003,EMP038,David Johnson,2024-01-25,morning,08:00,14:00,8.0,meat
SCH000936,S003,EMP038,David Johnson,2024-01-26,evening,18:00,18:00,8.0,dairy
SCH000937,S003,EMP038,David Johnson,2024-01-29,night,13:00,20:00,8.0,stocking
SCH000938,S003,EMP038,David Johnson,2024-01-05,night,11:00,06:00,8.0,meat
SCH000939,S003,EMP038,David Johnson,2024-01-26,morning,18:00,15:00,8.0,stocking
SCH000940,S003,EMP038,David Johnson,2024-01-07,evening,09:00,18:00,8.0,produce
SCH000941,S003,EMP038,David Johnson,2024-01-05,morning,06:00,03:00,8.0,checkout
SCH000942,S003,EMP038,David Johnson,2024-01-31,evening,17:00,20:00,8.0,produce
SCH000943,S003,EMP038,David Johnson,2024-01-31,night,20:00,23:00,8.0,stocking
SCH000944,S003,EMP038,David Johnson,2024-01-24,night,13:00,21:00,8.0,stocking
SCH000945,S003,EMP038,David Johnson,2024-01-18,evening,14:00,21:00,8.0,stocking
SCH000946,S003,EMP038,David Johnson,2024-01-10,morning,13:00,15:00,8.0,meat
SCH000947,S003,EMP038,David Johnson,2024-01-19,morning,07:00,04:00,8.0,produce
SCH000948,S003,EMP039,David Wilson,2024-01-21,morning,18:00,01:00,8.0,dairy
SCH000949,S003,EMP039,David Wilson,2024-01-13,evening,15:00,14:00,8.0,meat
SCH000950,S003,EMP039,David Wilson,2024-01-01,night,15:00,18:00,8.0,meat
SCH000951,S003,EMP039,David Wilson,2024-01-21,morning,16:00,01:00,8.0,produce
SCH000952,S003,EMP039,David Wilson,2024-01-04,morning,12:00,16:00,8.0,meat
SCH000953,S003,EMP039,David Wilson,2024-01-04,evening,19:00,02:00,8.0,stocking
SCH000954,S003,EMP039,David Wilson,2024-01-17,night,09:00,20:00,8.0,dairy
SCH000955,S003,EMP039,David Wilson,2024-01-27,evening,14:00,18:00,8.0,produce
SCH000956,S003,EMP039,David Wilson,2024-01-01,night,17:00,04:00,8.0,dairy
SCH000957,S003,EMP039,David Wilson,2024-01-06,morning,18:00,04:00,8.0,bakery
SCH000958,S003,EMP039,David Wilson,2024-01-02,night,21:00,18:00,8.0,produce
SCH000959,S003,EMP039,David Wilson,2024-01-22,morning,07:00,18:00,8.0,meat
SCH000960,S003,EMP039,David Wilson,2024-01-07,morning,20:00,20:00,8.0,dairy
SCH000961,S003,EMP039,David Wilson,2024-01-11,evening,10:00,23:00,8.0,checkout
SCH000962,S003,EMP039,David Wilson,2024-01-02,morning,22:00,14:00,8.0,bakery
SCH000963,S003,EMP039,David Wilson,2024-01-31,evening,14:00,04:00,8.0,stocking
SCH000964,S003,EMP039,David Wilson,2024-01-12,morning,10:00,05:00,8.0,stocking
SCH000965,S003,EMP039,David Wilson,2024-01-30,evening,16:00,02:00,8.0,checkout
SCH000966,S003,EMP039,David Wilson,2024-01-31,evening,15:00,22:00,8.0,stocking
SCH000967,S003,EMP039,David Wilson,2024-01-13,evening,15:00,04:00,8.0,meat
SCH000968,S003,EMP039,David Wilson,2024-01-30,evening,07:00,17:00,8.0,meat
SCH000969,S003,EMP040,Mike Davis,2024-01-19,evening,08:00,18:00,8.0,checkout
SCH000970,S003,EMP040,Mike Davis,2024-01-21,evening,12:00,20:00,8.0,meat
SCH000971,S003,EMP040,Mike Davis,2024-01-31,evening,14:00,20:00,8.0,checkout
SCH000972,S003,EMP040,Mike Davis,2024-01-05,evening,17:00,00:00,8.0,dairy
SCH000973,S003,EMP040,Mike Davis,2024-01-02,evening,16:00,16:00,8.0,produce
SCH000974,S003,EMP040,Mike Davis,2024-01-16,morning,20:00,04:00,8.0,bakery
SCH000975,S003,EMP040,Mike Davis,2024-01-28,night,17:00,00:00,8.0,stocking
SCH000976,S003,EMP040,Mike Davis,2024-01-22,night,11:00,20:00,8.0,produce
SCH000977,S003,EMP040,Mike Davis,2024-01-09,morning,16:00,15:00,8.0,stocking
SCH000978,S003,EMP040,Mike Davis,2024-01-28,night,17:00,14:00,8.0,meat
SCH000979,S003,EMP040,Mike Davis,2024-01-27,night,17:00,05:00,8.0,meat
SCH000980,S003,EMP040,Mike Davis,2024-01-21,evening,17:00,20:00,8.0,meat
SCH000981,S003,EMP040,Mike Davis,2024-01-01,evening,15:00,01:00,8.0,meat
SCH000982,S003,EMP040,Mike Davis,2024-01-19,night,16:00,04:00,8.0,dairy
SCH000983,S003,EMP040,Mike Davis,2024-01-12,evening,13:00,14:00,8.0,produce
SCH000984,S003,EMP040,Mike Davis,2024-01-16,morning,17:00,16:00,8.0,produce
SCH000985,S003,EMP040,Mike Davis,2024-01-15,night,13:00,23:00,8.0,checkout
SCH000986,S003,EMP040,Mike Davis,2024-01-25,night,20:00,02:00,8.0,produce
SCH000987,S003,EMP040,Mike Davis,2024-01-06,morning,14:00,17:00,8.0,bakery
SCH000988,S003,EMP040,Mike Davis,2024-01-24,morning,07:00,14:00,8.0,stocking
SCH000989,S003,EMP040,Mike Davis,2024-01-17,morning,12:00,21:00,8.0,bakery
SCH000990,S003,EMP040,Mike Davis,2024-01-06,night,20:00,23:00,8.0,bakery
SCH000991,S003,EMP040,Mike Davis,2024-01-24,morning,20:00,15:00,8.0,checkout
SCH000992,S003,EMP040,Mike Davis,2024-01-04,evening,12:00,04:00,8.0,produce
SCH000993,S003,EMP040,Mike Davis,2024-01-30,night,17:00,17:00,8.0,stocking
SCH000994,S003,EMP041,John Davis,2024-01-16,night,08:00,19:00,8.0,stocking
SCH000995,S003,EMP041,John Davis,2024-01-02,morning,06:00,06:00,8.0,checkout
SCH000996,S003,EMP041,John Davis,2024-01-13,morning,09:00,15:00,8.0,bakery
SCH000997,S003,EMP041,John Davis,2024-01-07,night,12:00,19:00,8.0,meat
SCH000998,S003,EMP041,John Davis,2024-01-14,evening,15:00,04:00,8.0,checkout
SCH000999,S003,EMP041,John Davis,2024-01-04,evening,12:00,05:00,8.0,bakery
SCH001000,S003,EMP041,John Davis,2024-01-17,night,14:00,04:00,8.0,checkout
SCH001001,S003,EMP041,John Davis,2024-01-31,morning,15:00,02:00,8.0,meat
SCH001002,S003,EMP041,John Davis,2024-01-31,morning,08:00,16:00,8.0,meat
SCH001003,S003,EMP041,John Davis,2024-01-24,evening,15:00,17:00,8.0,stocking
SCH001004,S003,EMP041,John Davis,2024-01-01,night,19:00,06:00,8.0,checkout
SCH001005,S003,EMP041,John Davis,2024-01-02,night,19:00,22:00,8.0,bakery
SCH001006,S003,EMP041,John Davis,2024-01-09,evening,06:00,03:00,8.0,meat
SCH001007,S003,EMP041,John Davis,2024-01-04,morning,15:00,03:00,8.0,stocking
SCH001008,S003,EMP041,John Davis,2024-01-04,night,09:00,14:00,8.0,checkout
SCH001009,S003,EMP041,John Davis,2024-01-02,night,07:00,18:00,8.0,stocking
SCH001010,S003,EMP041,John Davis,2024-01-08,night,18:00,20:00,8.0,meat
SCH001011,S003,EMP041,John Davis,2024-01-02,evening,07:00,16:00,8.0,meat
SCH001012,S003,EMP041,John Davis,2024-01-19,morning,12:00,04:00,8.0,bakery
SCH001013,S003,EMP041,John Davis,2024-01-27,morning,08:00,16:00,8.0,stocking
SCH001014,S003,EMP041,John Davis,2024-01-25,night,16:00,23:00,8.0,produce
SCH001015,S003,EMP041,John Davis,2024-01-23,night,15:00,05:00,8.0,dairy
SCH001016,S003,EMP041,John Davis,2024-01-10,night,20:00,04:00,8.0,produce
SCH001017,S003,EMP042,David Brown,2024-01-19,evening,12:00,23:00,8.0,dairy
SCH001018,S003,EMP042,David Brown,2024-01-13,evening,22:00,21:00,8.0,meat
SCH001019,S003,EMP042,David Brown,2024-01-12,evening,16:00,20:00,8.0,checkout
SCH001020,S003,EMP042,David Brown,2024-01-28,morning,06:00,04:00,8.0,meat
SCH001021,S003,EMP042,David Brown,2024-01-07,morning,07:00,22:00,8.0,stocking
SCH001022,S003,EMP042,David Brown,2024-01-05,morning,08:00,02:00,8.0,checkout
SCH001023,S003,EMP042,David Brown,2024-01-27,morning,07:00,14:00,8.0,produce
SCH001024,S003,EMP042,David Brown,2024-01-25,morning,08:00,22:00,8.0,checkout
SCH001025,S003,EMP042,David Brown,2024-01-20,night,22:00,21:00,8.0,meat
SCH001026,S003,EMP042,David Brown,2024-01-07,morning,07:00,01:00,8.0,meat
SCH001027,S003,EMP042,David Brown,2024-01-22,night,20:00,16:00,8.0,produce
SCH001028,S003,EMP042,David Brown,2024-01-16,night,06:00,23:00,8.0,meat
SCH001029,S003,EMP042,David Brown,2024-01-02,night,17:00,04:00,8.0,stocking
SCH001030,S003,EMP042,David Brown,2024-01-30,morning,11:00,18:00,8.0,bakery
SCH001031,S003,EMP042,David Brown,2024-01-02,evening,07:00,15:00,8.0,checkout
SCH001032,S003,EMP042,David Brown,2024-01-16,morning,07:00,19:00,8.0,dairy
SCH001033,S003,EMP042,David Brown,2024-01-21,morning,18:00,22:00,8.0,meat
SCH001034,S003,EMP042,David Brown,2024-01-21,evening,13:00,03:00,8.0,produce
SCH001035,S003,EMP042,David Brown,2024-01-02,night,12:00,22:00,8.0,dairy
SCH001036,S003,EMP042,David Brown,2024-01-13,evening,08:00,22:00,8.0,stocking
SCH001037,S003,EMP042,David Brown,2024-01-07,night,15:00,22:00,8.0,produce
SCH001038,S003,EMP042,David Brown,2024-01-02,night,22:00,20:00,8.0,checkout
SCH001039,S003,EMP042,David Brown,2024-01-19,evening,15:00,21:00,8.0,produce
SCH001040,S003,EMP042,David Brown,2024-01-04,evening,10:00,16:00,8.0,dairy
SCH001041,S003,EMP042,David Brown,2024-01-23,night,14:00,01:00,8.0,bakery
SCH001042,S003,EMP042,David Brown,2024-01-30,evening,08:00,01:00,8.0,stocking
SCH001043,S003,EMP043,John Wilson,2024-01-23,evening,09:00,23:00,8.0,stocking
SCH001044,S003,EMP043,John Wilson,2024-01-01,night,06:00,22:00,8.0,dairy
SCH001045,S003,EMP043,John Wilson,2024-01-29,morning,21:00,15:00,8.0,produce
SCH001046,S003,EMP043,John Wilson,2024-01-12,evening,20:00,02:00,8.0,produce
SCH001047,S003,EMP043,John Wilson,2024-01-28,evening,10:00,00:00,8.0,stocking
SCH001048,S003,EMP043,John Wilson,2024-01-12,evening,18:00,16:00,8.0,checkout
SCH001049,S003,EMP043,John Wilson,2024-01-23,night,08:00,00:00,8.0,bakery
SCH001050,S003,EMP043,John Wilson,2024-01-02,morning,12:00,03:00,8.0,meat
SCH001051,S003,EMP043,John Wilson,2024-01-16,evening,14:00,01:00,8.0,produce
SCH001052,S003,EMP043,John Wilson,2024-01-03,evening,11:00,04:00,8.0,stocking
SCH001053,S003,EMP043,John Wilson,2024-01-17,evening,09:00,18:00,8.0,bakery
SCH001054,S003,EMP043,John Wilson,2024-01-09,night,20:00,15:00,8.0,meat
SCH001055,S003,EMP043,John Wilson,2024-01-29,morning,12:00,18:00,8.0,dairy
SCH001056,S003,EMP043,John Wilson,2024-01-01,morning,16:00,22:00,8.0,bakery
SCH001057,S003,EMP043,John Wilson,2024-01-22,morning,21:00,01:00,8.0,bakery
SCH001058,S003,EMP043,John Wilson,2024-01-03,morning,13:00,05:00,8.0,bakery
SCH001059,S003,EMP043,John Wilson,2024-01-27,morning,12:00,21:00,8.0,checkout
SCH001060,S003,EMP043,John Wilson,2024-01-26,evening,13:00,02:00,8.0,meat
SCH001061,S003,EMP043,John Wilson,2024-01-03,evening,07:00,23:00,8.0,produce
SCH001062,S003,EMP043,John Wilson,2024-01-04,evening,19:00,16:00,8.0,bakery
SCH001063,S003,EMP043,John Wilson,2024-01-19,morning,11:00,17:00,8.0,dairy
SCH001064,S003,EMP044,Mike Wilson,2024-01-02,evening,07:00,05:00,8.0,meat
SCH001065,S003,EMP044,Mike Wilson,2024-01-14,evening,14:00,01:00,8.0,stocking
SCH001066,S003,EMP044,Mike Wilson,2024-01-30,morning,15:00,17:00,8.0,stocking
SCH001067,S003,EMP044,Mike Wilson,2024-01-30,evening,21:00,14:00,8.0,bakery
SCH001068,S003,EMP044,Mike Wilson,2024-01-24,night,11:00,03:00,8.0,stocking
SCH001069,S003,EMP044,Mike Wilson,2024-01-24,evening,18:00,05:00,8.0,meat
SCH001070,S003,EMP044,Mike Wilson,2024-01-27,night,16:00,19:00,8.0,bakery
SCH001071,S003,EMP044,Mike Wilson,2024-01-11,morning,09:00,14:00,8.0,meat
SCH001072,S003,EMP044,Mike Wilson,2024-01-12,evening,13:00,16:00,8.0,dairy
SCH001073,S003,EMP044,Mike Wilson,2024-01-09,morning,21:00,04:00,8.0,meat
SCH001074,S003,EMP044,Mike Wilson,2024-01-21,night,18:00,17:00,8.0,produce
SCH001075,S003,EMP044,Mike Wilson,2024-01-12,morning,18:00,18:00,8.0,produce
SCH001076,S003,EMP044,Mike Wilson,2024-01-07,evening,06:00,15:00,8.0,dairy
SCH001077,S003,EMP044,Mike Wilson,2024-01-05,night,15:00,00:00,8.0,stocking
SCH001078,S003,EMP044,Mike Wilson,2024-01-27,evening,12:00,15:00,8.0,meat
SCH001079,S003,EMP044,Mike Wilson,2024-01-04,evening,08:00,19:00,8.0,stocking
SCH001080,S003,EMP044,Mike Wilson,2024-01-10,morning,17:00,23:00,8.0,meat
SCH001081,S003,EMP044,Mike Wilson,2024-01-14,evening,09:00,21:00,8.0,bakery
SCH001082,S003,EMP044,Mike Wilson,2024-01-24,night,20:00,20:00,8.0,meat
SCH001083,S003,EMP044,Mike Wilson,2024-01-11,morning,20:00,19:00,8.0,checkout
SCH001084,S003,EMP044,Mike Wilson,2024-01-14,morning,21:00,23:00,8.0,checkout
SCH001085,S003,EMP044,Mike Wilson,2024-01-29,morning,17:00,00:00,8.0,stocking
SCH001086,S003,EMP044,Mike Wilson,2024-01-10,morning,19:00,17:00,8.0,produce
SCH001087,S003,EMP044,Mike Wilson,2024-01-01,night,17:00,02:00,8.0,stocking
SCH001088,S003,EMP044,Mike Wilson,2024-01-06,morning,13:00,15:00,8.0,bakery
SCH001089,S003,EMP044,Mike Wilson,2024-01-29,night,17:00,23:00,8.0,dairy
SCH001090,S003,EMP044,Mike Wilson,2024-01-05,evening,21:00,15:00,8.0,meat
SCH001091,S003,EMP044,Mike Wilson,2024-01-11,evening,14:00,17:00,8.0,meat
SCH001092,S003,EMP045,John Brown,2024-01-30,evening,08:00,16:00,8.0,stocking
SCH001093,S003,EMP045,John Brown,2024-01-24,evening,20:00,04:00,8.0,stocking
SCH001094,S003,EMP045,John Brown,2024-01-05,night,22:00,18:00,8.0,dairy
SCH001095,S003,EMP045,John Brown,2024-01-31,evening,16:00,23:00,8.0,produce
SCH001096,S003,EMP045,John Brown,2024-01-14,evening,07:00,19:00,8.0,produce
SCH001097,S003,EMP045,John Brown,2024-01-07,morning,19:00,19:00,8.0,bakery
SCH001098,S003,EMP045,John Brown,2024-01-04,evening,13:00,18:00,8.0,dairy
SCH001099,S003,EMP045,John Brown,2024-01-03,morning,12:00,18:00,8.0,bakery
SCH001100,S003,EMP045,John Brown,2024-01-29,night,09:00,20:00,8.0,checkout
SCH001101,S003,EMP045,John Brown,2024-01-29,morning,22:00,03:00,8.0,bakery
SCH001102,S003,EMP045,John Brown,2024-01-15,evening,11:00,02:00,8.0,checkout
SCH001103,S003,EMP045,John Brown,2024-01-26,evening,19:00,02:00,8.0,checkout
SCH001104,S003,EMP045,John Brown,2024-01-06,evening,13:00,19:00,8.0,bakery
SCH001105,S003,EMP045,John Brown,2024-01-03,morning,11:00,14:00,8.0,produce
SCH001106,S003,EMP045,John Brown,2024-01-31,night,21:00,05:00,8.0,produce
SCH001107,S003,EMP045,John Brown,2024-01-30,evening,11:00,03:00,8.0,stocking
SCH001108,S003,EMP045,John Brown,2024-01-12,evening,12:00,15:00,8.0,bakery
SCH001109,S003,EMP045,John Brown,2024-01-30,morning,11:00,18:00,8.0,stocking
SCH001110,S003,EMP045,John Brown,2024-01-23,morning,13:00,18:00,8.0,stocking
SCH001111,S003,EMP045,John Brown,2024-01-17,morning,11:00,15:00,8.0,checkout
SCH001112,S003,EMP045,John Brown,2024-01-18,night,22:00,03:00,8.0,checkout
SCH001113,S003,EMP045,John Brown,2024-01-21,evening,12:00,14:00,8.0,bakery
SCH001114,S003,EMP045,John Brown,2024-01-01,morning,12:00,14:00,8.0,checkout
SCH001115,S003,EMP045,John Brown,2024-01-01,evening,10:00,22:00,8.0,produce
SCH001116,S003,EMP045,John Brown,2024-01-22,morning,08:00,19:00,8.0,produce
SCH001117,S004,EMP046,Mike Brown,2024-01-29,morning,20:00,00:00,8.0,dairy
SCH001118,S004,EMP046,Mike Brown,2024-01-04,morning,07:00,15:00,8.0,stocking
SCH001119,S004,EMP046,Mike Brown,2024-01-01,evening,17:00,18:00,8.0,dairy
SCH001120,S004,EMP046,Mike Brown,2024-01-13,night,06:00,16:00,8.0,dairy
SCH001121,S004,EMP046,Mike Brown,2024-01-06,night,11:00,01:00,8.0,checkout
SCH001122,S004,EMP046,Mike Brown,2024-01-05,night,14:00,00:00,8.0,stocking
SCH001123,S004,EMP046,Mike Brown,2024-01-14,evening,14:00,21:00,8.0,stocking
SCH001124,S004,EMP046,Mike Brown,2024-01-11,morning,16:00,22:00,8.0,stocking
SCH001125,S004,EMP046,Mike Brown,2024-01-13,night,13:00,04:00,8.0,dairy
SCH001126,S004,EMP046,Mike Brown,2024-01-29,night,21:00,14:00,8.0,meat
SCH001127,S004,EMP046,Mike Brown,2024-01-08,morning,20:00,04:00,8.0,stocking
SCH001128,S004,EMP046,Mike Brown,2024-01-18,evening,18:00,18:00,8.0,checkout
SCH001129,S004,EMP046,Mike Brown,2024-01-11,evening,07:00,20:00,8.0,produce
SCH001130,S004,EMP046,Mike Brown,2024-01-30,night,19:00,22:00,8.0,bakery
SCH001131,S004,EMP046,Mike Brown,2024-01-28,night,22:00,05:00,8.0,checkout
SCH001132,S004,EMP046,Mike Brown,2024-01-04,night,19:00,00:00,8.0,stocking
SCH001133,S004,EMP046,Mike Brown,2024-01-18,night,16:00,14:00,8.0,produce
SCH001134,S004,EMP046,Mike Brown,2024-01-12,night,13:00,17:00,8.0,checkout
SCH001135,S004,EMP046,Mike Brown,2024-01-06,morning,21:00,00:00,8.0,produce
SCH001136,S004,EMP046,Mike Brown,2024-01-27,evening,08:00,01:00,8.0,checkout
SCH001137,S004,EMP046,Mike Brown,2024-01-29,evening,11:00,18:00,8.0,dairy
SCH001138,S004,EMP046,Mike Brown,2024-01-10,morning,15:00,06:00,8.0,dairy
SCH001139,S004,EMP046,Mike Brown,2024-01-20,evening,16:00,00:00,8.0,meat
SCH001140,S004,EMP046,Mike Brown,2024-01-15,night,07:00,02:00,8.0,produce
SCH001141,S004,EMP046,Mike Brown,2024-01-01,morning,20:00,17:00,8.0,dairy
SCH001142,S004,EMP046,Mike Brown,2024-01-22,morning,15:00,01:00,8.0,stocking
SCH001143,S004,EMP047,Jane Davis,2024-01-26,night,16:00,14:00,8.0,bakery
SCH001144,S004,EMP047,Jane Davis,2024-01-20,evening,08:00,00:00,8.0,meat
SCH001145,S004,EMP047,Jane Davis,2024-01-24,morning,14:00,15:00,8.0,meat
SCH001146,S004,EMP047,Jane Davis,2024-01-12,evening,08:00,16:00,8.0,dairy
SCH001147,S004,EMP047,Jane Davis,2024-01-06,morning,07:00,15:00,8.0,produce
SCH001148,S004,EMP047,Jane Davis,2024-01-18,night,09:00,22:00,8.0,checkout
SCH001149,S004,EMP047,Jane Davis,2024-01-16,night,11:00,23:00,8.0,stocking
SCH001150,S004,EMP047,Jane Davis,2024-01-18,evening,11:00,02:00,8.0,checkout
SCH001151,S004,EMP047,Jane Davis,2024-01-08,morning,18:00,02:00,8.0,dairy
SCH001152,S004,EMP047,Jane Davis,2024-01-29,night,08:00,14:00,8.0,bakery
SCH001153,S004,EMP047,Jane Davis,2024-01-04,night,07:00,23:00,8.0,dairy
SCH001154,S004,EMP047,Jane Davis,2024-01-14,evening,15:00,16:00,8.0,stocking
SCH001155,S004,EMP047,Jane Davis,2024-01-18,evening,09:00,22:00,8.0,bakery
SCH001156,S004,EMP047,Jane Davis,2024-01-14,evening,19:00,15:00,8.0,meat
SCH001157,S004,EMP047,Jane Davis,2024-01-03,night,09:00,20:00,8.0,produce
SCH001158,S004,EMP047,Jane Davis,2024-01-20,night,11:00,04:00,8.0,dairy
SCH001159,S004,EMP047,Jane Davis,2024-01-13,night,18:00,14:00,8.0,dairy
SCH001160,S004,EMP047,Jane Davis,2024-01-20,morning,09:00,19:00,8.0,stocking
SCH001161,S004,EMP047,Jane Davis,2024-01-08,morning,14:00,06:00,8.0,bakery
SCH001162,S004,EMP047,Jane Davis,2024-01-07,night,07:00,21:00,8.0,dairy
SCH001163,S004,EMP047,Jane Davis,2024-01-22,evening,11:00,05:00,8.0,bakery
SCH001164,S004,EMP047,Jane Davis,2024-01-27,night,15:00,05:00,8.0,dairy
SCH001165,S004,EMP047,Jane Davis,2024-01-06,morning,14:00,15:00,8.0,dairy
SCH001166,S004,EMP047,Jane Davis,2024-01-22,evening,18:00,19:00,8.0,checkout
SCH001167,S004,EMP047,Jane Davis,2024-01-27,morning,16:00,18:00,8.0,stocking
SCH001168,S004,EMP047,Jane Davis,2024-01-26,morning,20:00,01:00,8.0,stocking
SCH001169,S004,EMP048,Mike Johnson,2024-01-02,morning,14:00,20:00,8.0,produce
SCH001170,S004,EMP048,Mike Johnson,2024-01-20,evening,21:00,14:00,8.0,stocking
SCH001171,S004,EMP048,Mike Johnson,2024-01-22,evening,21:00,21:00,8.0,checkout
SCH001172,S004,EMP048,Mike Johnson,2024-01-04,evening,21:00,23:00,8.0,bakery
SCH001173,S004,EMP048,Mike Johnson,2024-01-26,evening,20:00,04:00,8.0,checkout
SCH001174,S004,EMP048,Mike Johnson,2024-01-23,morning,16:00,03:00,8.0,checkout
SCH001175,S004,EMP048,Mike Johnson,2024-01-30,morning,11:00,19:00,8.0,meat
SCH001176,S004,EMP048,Mike Johnson,2024-01-23,evening,07:00,03:00,8.0,checkout
SCH001177,S004,EMP048,Mike Johnson,2024-01-02,night,08:00,20:00,8.0,meat
SCH001178,S004,EMP048,Mike Johnson,2024-01-03,evening,11:00,02:00,8.0,checkout
SCH001179,S004,EMP048,Mike Johnson,2024-01-31,night,06:00,22:00,8.0,dairy
SCH001180,S004,EMP048,Mike Johnson,2024-01-13,morning,08:00,06:00,8.0,bakery
SCH001181,S004,EMP048,Mike Johnson,2024-01-01,evening,09:00,23:00,8.0,dairy
SCH001182,S004,EMP048,Mike Johnson,2024-01-13,morning,21:00,23:00,8.0,stocking
SCH001183,S004,EMP048,Mike Johnson,2024-01-19,evening,14:00,05:00,8.0,stocking
SCH001184,S004,EMP048,Mike Johnson,2024-01-12,evening,06:00,19:00,8.0,bakery
SCH001185,S004,EMP048,Mike Johnson,2024-01-03,night,17:00,17:00,8.0,meat
SCH001186,S004,EMP048,Mike Johnson,2024-01-22,evening,21:00,22:00,8.0,stocking
SCH001187,S004,EMP048,Mike Johnson,2024-01-25,morning,15:00,05:00,8.0,dairy
SCH001188,S004,EMP048,Mike Johnson,2024-01-12,evening,11:00,05:00,8.0,meat
SCH001189,S004,EMP048,Mike Johnson,2024-01-18,evening,16:00,16:00,8.0,dairy
SCH001190,S004,EMP049,David Brown,2024-01-01,morning,14:00,22:00,8.0,stocking
SCH001191,S004,EMP049,David Brown,2024-01-31,morning,13:00,06:00,8.0,stocking
SCH001192,S004,EMP049,David Brown,2024-01-07,morning,14:00,21:00,8.0,bakery
SCH001193,S004,EMP049,David Brown,2024-01-17,night,09:00,04:00,8.0,dairy
SCH001194,S004,EMP049,David Brown,2024-01-12,evening,14:00,18:00,8.0,stocking
SCH001195,S004,EMP049,David Brown,2024-01-02,evening,08:00,01:00,8.0,checkout
SCH001196,S004,EMP049,David Brown,2024-01-11,morning,08:00,05:00,8.0,dairy
SCH001197,S004,EMP049,David Brown,2024-01-29,morning,20:00,22:00,8.0,meat
SCH001198,S004,EMP049,David Brown,2024-01-01,night,17:00,05:00,8.0,dairy
SCH001199,S004,EMP049,David Brown,2024-01-10,night,18:00,17:00,8.0,meat
SCH001200,S004,EMP049,David Brown,2024-01-15,night,21:00,20:00,8.0,bakery
SCH001201,S004,EMP049,David Brown,2024-01-28,evening,11:00,15:00,8.0,dairy
SCH001202,S004,EMP049,David Brown,2024-01-31,evening,21:00,20:00,8.0,produce
SCH001203,S004,EMP049,David Brown,2024-01-20,night,15:00,06:00,8.0,meat
SCH001204,S004,EMP049,David Brown,2024-01-06,morning,20:00,18:00,8.0,stocking
SCH001205,S004,EMP049,David Brown,2024-01-03,evening,17:00,05:00,8.0,bakery
SCH001206,S004,EMP049,David Brown,2024-01-12,night,09:00,03:00,8.0,meat
SCH001207,S004,EMP049,David Brown,2024-01-08,evening,13:00,02:00,8.0,bakery
SCH001208,S004,EMP049,David Brown,2024-01-11,morning,09:00,05:00,8.0,produce
SCH001209,S004,EMP049,David Brown,2024-01-09,morning,19:00,17:00,8.0,dairy
SCH001210,S004,EMP049,David Brown,2024-01-17,morning,12:00,04:00,8.0,produce
SCH001211,S004,EMP049,David Brown,2024-01-29,evening,11:00,02:00,8.0,produce
SCH001212,S004,EMP049,David Brown,2024-01-28,night,07:00,05:00,8.0,produce
SCH001213,S004,EMP049,David Brown,2024-01-11,morning,13:00,18:00,8.0,produce
SCH001214,S004,EMP049,David Brown,2024-01-04,night,18:00,16:00,8.0,meat
SCH001215,S004,EMP050,Lisa Johnson,2024-01-01,evening,19:00,06:00,8.0,produce
SCH001216,S004,EMP050,Lisa Johnson,2024-01-16,night,19:00,22:00,8.0,meat
SCH001217,S004,EMP050,Lisa Johnson,2024-01-05,evening,21:00,03:00,8.0,bakery
SCH001218,S004,EMP050,Lisa Johnson,2024-01-06,night,06:00,18:00,8.0,checkout
SCH001219,S004,EMP050,Lisa Johnson,2024-01-05,morning,18:00,22:00,8.0,bakery
SCH001220,S004,EMP050,Lisa Johnson,2024-01-26,morning,18:00,18:00,8.0,dairy
SCH001221,S004,EMP050,Lisa Johnson,2024-01-12,night,11:00,00:00,8.0,checkout
SCH001222,S004,EMP050,Lisa Johnson,2024-01-08,evening,08:00,22:00,8.0,dairy
SCH001223,S004,EMP050,Lisa Johnson,2024-01-07,evening,22:00,14:00,8.0,dairy
SCH001224,S004,EMP050,Lisa Johnson,2024-01-17,night,12:00,01:00,8.0,bakery
SCH001225,S004,EMP050,Lisa Johnson,2024-01-10,night,08:00,04:00,8.0,stocking
SCH001226,S004,EMP050,Lisa Johnson,2024-01-04,morning,09:00,17:00,8.0,produce
SCH001227,S004,EMP050,Lisa Johnson,2024-01-20,morning,14:00,17:00,8.0,produce
SCH001228,S004,EMP050,Lisa Johnson,2024-01-17,morning,08:00,22:00,8.0,checkout
SCH001229,S004,EMP050,Lisa Johnson,2024-01-02,morning,20:00,00:00,8.0,produce
SCH001230,S004,EMP050,Lisa Johnson,2024-01-15,evening,13:00,03:00,8.0,meat
SCH001231,S004,EMP050,Lisa Johnson,2024-01-17,morning,09:00,19:00,8.0,meat
SCH001232,S004,EMP050,Lisa Johnson,2024-01-20,morning,09:00,21:00,8.0,checkout
SCH001233,S004,EMP050,Lisa Johnson,2024-01-29,night,22:00,17:00,8.0,checkout
SCH001234,S004,EMP050,Lisa Johnson,2024-01-02,night,16:00,19:00,8.0,dairy
SCH001235,S004,EMP050,Lisa Johnson,2024-01-04,evening,18:00,17:00,8.0,checkout
SCH001236,S004,EMP050,Lisa Johnson,2024-01-20,evening,11:00,21:00,8.0,bakery
SCH001237,S004,EMP050,Lisa Johnson,2024-01-27,night,06:00,01:00,8.0,meat
SCH001238,S004,EMP050,Lisa Johnson,2024-01-04,morning,15:00,23:00,8.0,bakery
SCH001239,S004,EMP050,Lisa Johnson,2024-01-31,morning,14:00,19:00,8.0,stocking
SCH001240,S004,EMP050,Lisa Johnson,2024-01-14,night,11:00,22:00,8.0,bakery
SCH001241,S004,EMP050,Lisa Johnson,2024-01-23,morning,22:00,19:00,8.0,bakery
SCH001242,S004,EMP050,Lisa Johnson,2024-01-08,evening,14:00,15:00,8.0,bakery
SCH001243,S004,EMP051,John Wilson,2024-01-18,morning,15:00,02:00,8.0,checkout
SCH001244,S004,EMP051,John Wilson,2024-01-15,evening,15:00,16:00,8.0,stocking
SCH001245,S004,EMP051,John Wilson,2024-01-03,evening,19:00,16:00,8.0,dairy
SCH001246,S004,EMP051,John Wilson,2024-01-28,night,14:00,06:00,8.0,meat
SCH001247,S004,EMP051,John Wilson,2024-01-16,evening,17:00,04:00,8.0,produce
SCH001248,S004,EMP051,John Wilson,2024-01-15,night,19:00,04:00,8.0,dairy
SCH001249,S004,EMP051,John Wilson,2024-01-30,night,11:00,15:00,8.0,meat
SCH001250,S004,EMP051,John Wilson,2024-01-06,night,22:00,23:00,8.0,meat
SCH001251,S004,EMP051,John Wilson,2024-01-22,morning,21:00,18:00,8.0,checkout
SCH001252,S004,EMP051,John Wilson,2024-01-05,night,07:00,03:00,8.0,produce
SCH001253,S004,EMP051,John Wilson,2024-01-21,evening,19:00,16:00,8.0,meat
SCH001254,S004,EMP051,John Wilson,2024-01-11,morning,21:00,02:00,8.0,produce
SCH001255,S004,EMP051,John Wilson,2024-01-08,night,20:00,23:00,8.0,bakery
SCH001256,S004,EMP051,John Wilson,2024-01-13,night,10:00,22:00,8.0,bakery
SCH001257,S004,EMP051,John Wilson,2024-01-17,evening,09:00,20:00,8.0,produce
SCH001258,S004,EMP051,John Wilson,2024-01-04,night,07:00,19:00,8.0,dairy
SCH001259,S004,EMP051,John Wilson,2024-01-10,night,12:00,18:00,8.0,produce
SCH001260,S004,EMP051,John Wilson,2024-01-19,evening,08:00,06:00,8.0,dairy
SCH001261,S004,EMP051,John Wilson,2024-01-10,morning,17:00,21:00,8.0,stocking
SCH001262,S004,EMP051,John Wilson,2024-01-20,morning,15:00,22:00,8.0,produce
SCH001263,S004,EMP051,John Wilson,2024-01-28,morning,14:00,00:00,8.0,stocking
SCH001264,S004,EMP051,John Wilson,2024-01-02,evening,12:00,20:00,8.0,checkout
SCH001265,S004,EMP051,John Wilson,2024-01-09,morning,09:00,20:00,8.0,meat
SCH001266,S004,EMP051,John Wilson,2024-01-16,evening,19:00,21:00,8.0,bakery
SCH001267,S004,EMP052,Sarah Smith,2024-01-05,night,06:00,17:00,8.0,produce
SCH001268,S004,EMP052,Sarah Smith,2024-01-12,night,11:00,06:00,8.0,dairy
SCH001269,S004,EMP052,Sarah Smith,2024-01-01,evening,17:00,01:00,8.0,dairy
SCH001270,S004,EMP052,Sarah Smith,2024-01-18,evening,14:00,02:00,8.0,meat
SCH001271,S004,EMP052,Sarah Smith,2024-01-07,evening,21:00,18:00,8.0,produce
SCH001272,S004,EMP052,Sarah Smith,2024-01-13,night,10:00,20:00,8.0,bakery
SCH001273,S004,EMP052,Sarah Smith,2024-01-17,morning,10:00,04:00,8.0,produce
SCH001274,S004,EMP052,Sarah Smith,2024-01-15,evening,14:00,19:00,8.0,produce
SCH001275,S004,EMP052,Sarah Smith,2024-01-03,night,11:00,19:00,8.0,checkout
SCH001276,S004,EMP052,Sarah Smith,2024-01-14,night,08:00,19:00,8.0,produce
SCH001277,S004,EMP052,Sarah Smith,2024-01-08,evening,13:00,23:00,8.0,stocking
SCH001278,S004,EMP052,Sarah Smith,2024-01-01,evening,18:00,00:00,8.0,bakery
SCH001279,S004,EMP052,Sarah Smith,2024-01-26,night,08:00,21:00,8.0,meat
SCH001280,S004,EMP052,Sarah Smith,2024-01-06,evening,15:00,23:00,8.0,bakery
SCH001281,S004,EMP052,Sarah Smith,2024-01-13,night,21:00,23:00,8.0,checkout
SCH001282,S004,EMP052,Sarah Smith,2024-01-16,night,16:00,18:00,8.0,checkout
SCH001283,S004,EMP052,Sarah Smith,2024-01-02,night,09:00,05:00,8.0,bakery
SCH001284,S004,EMP052,Sarah Smith,2024-01-03,morning,22:00,01:00,8.0,produce
SCH001285,S004,EMP052,Sarah Smith,2024-01-14,night,15:00,04:00,8.0,checkout
SCH001286,S004,EMP052,Sarah Smith,2024-01-16,night,19:00,15:00,8.0,bakery
SCH001287,S004,EMP052,Sarah Smith,2024-01-29,night,08:00,23:00,8.0,stocking
SCH001288,S004,EMP052,Sarah Smith,2024-01-07,evening,09:00,20:00,8.0,meat
SCH001289,S004,EMP052,Sarah Smith,2024-01-06,night,15:00,23:00,8.0,dairy
SCH001290,S004,EMP052,Sarah Smith,2024-01-27,morning,07:00,23:00,8.0,meat
SCH001291,S004,EMP052,Sarah Smith,2024-01-10,evening,10:00,17:00,8.0,meat
SCH001292,S004,EMP052,Sarah Smith,2024-01-30,night,15:00,03:00,8.0,bakery
SCH001293,S004,EMP052,Sarah Smith,2024-01-24,night,22:00,06:00,8.0,produce
SCH001294,S004,EMP052,Sarah Smith,2024-01-16,night,18:00,17:00,8.0,checkout
SCH001295,S004,EMP052,Sarah Smith,2024-01-21,evening,21:00,14:00,8.0,dairy
SCH001296,S004,EMP052,Sarah Smith,2024-01-05,morning,07:00,03:00,8.0,checkout
SCH001297,S004,EMP053,John Davis,2024-01-27,evening,07:00,02:00,8.0,produce
SCH001298,S004,EMP053,John Davis,2024-01-21,night,14:00,19:00,8.0,checkout
SCH001299,S004,EMP053,John Davis,2024-01-19,evening,19:00,17:00,8.0,bakery
SCH001300,S004,EMP053,John Davis,2024-01-16,night,18:00,00:00,8.0,dairy
SCH001301,S004,EMP053,John Davis,2024-01-06,evening,14:00,16:00,8.0,stocking
SCH001302,S004,EMP053,John Davis,2024-01-12,morning,14:00,02:00,8.0,checkout
SCH001303,S004,EMP053,John Davis,2024-01-21,morning,10:00,20:00,8.0,stocking
SCH001304,S004,EMP053,John Davis,2024-01-27,evening,18:00,17:00,8.0,bakery
SCH001305,S004,EMP053,John Davis,2024-01-05,night,10:00,16:00,8.0,stocking
SCH001306,S004,EMP053,John Davis,2024-01-09,evening,18:00,16:00,8.0,stocking
SCH001307,S004,EMP053,John Davis,2024-01-30,evening,19:00,17:00,8.0,dairy
SCH001308,S004,EMP053,John Davis,2024-01-20,morning,13:00,21:00,8.0,stocking
SCH001309,S004,EMP053,John Davis,2024-01-15,evening,13:00,14:00,8.0,dairy
SCH001310,S004,EMP053,John Davis,2024-01-21,morning,17:00,02:00,8.0,bakery
SCH001311,S004,EMP053,John Davis,2024-01-27,night,18:00,21:00,8.0,checkout
SCH001312,S004,EMP053,John Davis,2024-01-22,evening,10:00,23:00,8.0,meat
SCH001313,S004,EMP053,John Davis,2024-01-12,night,08:00,15:00,8.0,bakery
SCH001314,S004,EMP053,John Davis,2024-01-22,morning,20:00,01:00,8.0,checkout
SCH001315,S004,EMP053,John Davis,2024-01-17,night,18:00,02:00,8.0,stocking
SCH001316,S004,EMP053,John Davis,2024-01-22,night,06:00,18:00,8.0,bakery
SCH001317,S004,EMP054,David Brown,2024-01-08,evening,22:00,21:00,8.0,meat
SCH001318,S004,EMP054,David Brown,2024-01-26,night,17:00,14:00,8.0,produce
SCH001319,S004,EMP054,David Brown,2024-01-25,evening,07:00,15:00,8.0,checkout
SCH001320,S004,EMP054,David Brown,2024-01-21,evening,19:00,22:00,8.0,checkout
SCH001321,S004,EMP054,David Brown,2024-01-16,morning,11:00,05:00,8.0,checkout
SCH001322,S004,EMP054,David Brown,2024-01-20,night,20:00,03:00,8.0,meat
SCH001323,S004,EMP054,David Brown,2024-01-27,morning,12:00,04:00,8.0,bakery
SCH001324,S004,EMP054,David Brown,2024-01-02,night,08:00,22:00,8.0,meat
SCH001325,S004,EMP054,David Brown,2024-01-23,morning,13:00,23:00,8.0,stocking
SCH001326,S004,EMP054,David Brown,2024-01-05,night,21:00,14:00,8.0,bakery
SCH001327,S004,EMP054,David Brown,2024-01-03,night,16:00,20:00,8.0,stocking
SCH001328,S004,EMP054,David Brown,2024-01-09,morning,15:00,23:00,8.0,bakery
SCH001329,S004,EMP054,David Brown,2024-01-04,night,17:00,17:00,8.0,bakery
SCH001330,S004,EMP054,David Brown,2024-01-08,night,07:00,00:00,8.0,produce
SCH001331,S004,EMP054,David Brown,2024-01-22,night,18:00,19:00,8.0,meat
SCH001332,S004,EMP054,David Brown,2024-01-12,night,12:00,05:00,8.0,meat
SCH001333,S004,EMP054,David Brown,2024-01-23,morning,11:00,05:00,8.0,bakery
SCH001334,S004,EMP054,David Brown,2024-01-14,night,06:00,15:00,8.0,dairy
SCH001335,S004,EMP054,David Brown,2024-01-25,morning,14:00,17:00,8.0,bakery
SCH001336,S004,EMP054,David Brown,2024-01-17,morning,19:00,23:00,8.0,bakery
SCH001337,S004,EMP054,David Brown,2024-01-13,morning,11:00,03:00,8.0,bakery
SCH001338,S004,EMP054,David Brown,2024-01-23,morning,19:00,15:00,8.0,stocking
SCH001339,S004,EMP054,David Brown,2024-01-15,evening,15:00,18:00,8.0,checkout
SCH001340,S004,EMP054,David Brown,2024-01-06,night,15:00,23:00,8.0,produce
SCH001341,S004,EMP055,Jane Davis,2024-01-06,night,14:00,20:00,8.0,bakery
SCH001342,S004,EMP055,Jane Davis,2024-01-02,morning,17:00,04:00,8.0,meat
SCH001343,S004,EMP055,Jane Davis,2024-01-26,evening,14:00,04:00,8.0,meat
SCH001344,S004,EMP055,Jane Davis,2024-01-05,morning,15:00,03:00,8.0,bakery
SCH001345,S004,EMP055,Jane Davis,2024-01-06,morning,15:00,14:00,8.0,stocking
SCH001346,S004,EMP055,Jane Davis,2024-01-17,night,16:00,03:00,8.0,checkout
SCH001347,S004,EMP055,Jane Davis,2024-01-25,night,08:00,02:00,8.0,bakery
SCH001348,S004,EMP055,Jane Davis,2024-01-19,night,20:00,17:00,8.0,dairy
SCH001349,S004,EMP055,Jane Davis,2024-01-26,night,13:00,04:00,8.0,meat
SCH001350,S004,EMP055,Jane Davis,2024-01-31,evening,07:00,00:00,8.0,produce
SCH001351,S004,EMP055,Jane Davis,2024-01-13,morning,12:00,14:00,8.0,dairy
SCH001352,S004,EMP055,Jane Davis,2024-01-27,evening,18:00,18:00,8.0,stocking
SCH001353,S004,EMP055,Jane Davis,2024-01-27,morning,13:00,05:00,8.0,dairy
SCH001354,S004,EMP055,Jane Davis,2024-01-11,night,07:00,00:00,8.0,produce
SCH001355,S004,EMP055,Jane Davis,2024-01-30,morning,10:00,03:00,8.0,dairy
SCH001356,S004,EMP055,Jane Davis,2024-01-08,morning,11:00,17:00,8.0,meat
SCH001357,S004,EMP055,Jane Davis,2024-01-23,evening,18:00,20:00,8.0,checkout
SCH001358,S004,EMP055,Jane Davis,2024-01-06,evening,15:00,05:00,8.0,meat
SCH001359,S004,EMP055,Jane Davis,2024-01-31,morning,18:00,14:00,8.0,dairy
SCH001360,S004,EMP055,Jane Davis,2024-01-07,evening,10:00,15:00,8.0,checkout
SCH001361,S004,EMP055,Jane Davis,2024-01-02,morning,18:00,15:00,8.0,produce
SCH001362,S004,EMP055,Jane Davis,2024-01-04,evening,22:00,01:00,8.0,checkout
SCH001363,S004,EMP055,Jane Davis,2024-01-22,morning,14:00,22:00,8.0,bakery
SCH001364,S004,EMP055,Jane Davis,2024-01-19,night,13:00,19:00,8.0,checkout
SCH001365,S004,EMP056,Lisa Johnson,2024-01-22,night,12:00,15:00,8.0,produce
SCH001366,S004,EMP056,Lisa Johnson,2024-01-28,evening,14:00,04:00,8.0,stocking
SCH001367,S004,EMP056,Lisa Johnson,2024-01-16,evening,11:00,14:00,8.0,meat
SCH001368,S004,EMP056,Lisa Johnson,2024-01-14,night,06:00,18:00,8.0,checkout
SCH001369,S004,EMP056,Lisa Johnson,2024-01-12,evening,11:00,18:00,8.0,produce
SCH001370,S004,EMP056,Lisa Johnson,2024-01-12,night,15:00,22:00,8.0,produce
SCH001371,S004,EMP056,Lisa Johnson,2024-01-14,evening,11:00,15:00,8.0,bakery
SCH001372,S004,EMP056,Lisa Johnson,2024-01-10,evening,13:00,05:00,8.0,meat
SCH001373,S004,EMP056,Lisa Johnson,2024-01-02,evening,08:00,02:00,8.0,bakery
SCH001374,S004,EMP056,Lisa Johnson,2024-01-06,morning,17:00,06:00,8.0,bakery
SCH001375,S004,EMP056,Lisa Johnson,2024-01-10,evening,17:00,14:00,8.0,bakery
SCH001376,S004,EMP056,Lisa Johnson,2024-01-06,night,12:00,22:00,8.0,checkout
SCH001377,S004,EMP056,Lisa Johnson,2024-01-18,night,21:00,23:00,8.0,stocking
SCH001378,S004,EMP056,Lisa Johnson,2024-01-19,morning,10:00,23:00,8.0,checkout
SCH001379,S004,EMP056,Lisa Johnson,2024-01-02,evening,06:00,02:00,8.0,dairy
SCH001380,S004,EMP056,Lisa Johnson,2024-01-25,evening,06:00,20:00,8.0,checkout
SCH001381,S004,EMP056,Lisa Johnson,2024-01-14,morning,18:00,01:00,8.0,dairy
SCH001382,S004,EMP056,Lisa Johnson,2024-01-13,morning,13:00,15:00,8.0,checkout
SCH001383,S004,EMP056,Lisa Johnson,2024-01-22,night,07:00,21:00,8.0,bakery
SCH001384,S004,EMP056,Lisa Johnson,2024-01-09,evening,20:00,20:00,8.0,meat
SCH001385,S004,EMP056,Lisa Johnson,2024-01-18,evening,21:00,22:00,8.0,meat
SCH001386,S004,EMP056,Lisa Johnson,2024-01-29,morning,09:00,17:00,8.0,stocking
SCH001387,S004,EMP056,Lisa Johnson,2024-01-08,morning,22:00,20:00,8.0,stocking
SCH001388,S004,EMP056,Lisa Johnson,2024-01-29,morning,19:00,16:00,8.0,dairy
SCH001389,S004,EMP056,Lisa Johnson,2024-01-06,night,06:00,21:00,8.0,checkout
SCH001390,S004,EMP056,Lisa Johnson,2024-01-01,evening,14:00,19:00,8.0,checkout
SCH001391,S004,EMP056,Lisa Johnson,2024-01-02,evening,16:00,06:00,8.0,meat
SCH001392,S004,EMP057,David Wilson,2024-01-03,evening,20:00,20:00,8.0,meat
SCH001393,S004,EMP057,David Wilson,2024-01-15,morning,16:00,20:00,8.0,bakery
SCH001394,S004,EMP057,David Wilson,2024-01-20,evening,10:00,03:00,8.0,dairy
SCH001395,S004,EMP057,David Wilson,2024-01-02,morning,17:00,17:00,8.0,meat
SCH001396,S004,EMP057,David Wilson,2024-01-02,evening,11:00,05:00,8.0,meat
SCH001397,S004,EMP057,David Wilson,2024-01-19,night,17:00,01:00,8.0,dairy
SCH001398,S004,EMP057,David Wilson,2024-01-18,night,09:00,00:00,8.0,checkout
SCH001399,S004,EMP057,David Wilson,2024-01-03,morning,15:00,21:00,8.0,checkout
SCH001400,S004,EMP057,David Wilson,2024-01-26,night,14:00,22:00,8.0,dairy
SCH001401,S004,EMP057,David Wilson,2024-01-07,night,22:00,17:00,8.0,produce
SCH001402,S004,EMP057,David Wilson,2024-01-23,morning,06:00,05:00,8.0,dairy
SCH001403,S004,EMP057,David Wilson,2024-01-15,morning,07:00,04:00,8.0,produce
SCH001404,S004,EMP057,David Wilson,2024-01-20,night,10:00,00:00,8.0,bakery
SCH001405,S004,EMP057,David Wilson,2024-01-29,morning,12:00,21:00,8.0,meat
SCH001406,S004,EMP057,David Wilson,2024-01-28,morning,09:00,23:00,8.0,checkout
SCH001407,S004,EMP057,David Wilson,2024-01-27,morning,14:00,03:00,8.0,produce
SCH001408,S004,EMP057,David Wilson,2024-01-20,evening,07:00,23:00,8.0,produce
SCH001409,S004,EMP057,David Wilson,2024-01-12,morning,07:00,16:00,8.0,checkout
SCH001410,S004,EMP057,David Wilson,2024-01-05,night,14:00,01:00,8.0,meat
SCH001411,S004,EMP057,David Wilson,2024-01-15,morning,13:00,03:00,8.0,checkout
SCH001412,S004,EMP058,Lisa Wilson,2024-01-03,evening,11:00,05:00,8.0,produce
SCH001413,S004,EMP058,Lisa Wilson,2024-01-10,night,06:00,00:00,8.0,stocking
SCH001414,S004,EMP058,Lisa Wilson,2024-01-17,morning,15:00,23:00,8.0,dairy
SCH001415,S004,EMP058,Lisa Wilson,2024-01-19,morning,20:00,02:00,8.0,stocking
SCH001416,S004,EMP058,Lisa Wilson,2024-01-16,evening,22:00,06:00,8.0,dairy
SCH001417,S004,EMP058,Lisa Wilson,2024-01-08,night,11:00,22:00,8.0,dairy
SCH001418,S004,EMP058,Lisa Wilson,2024-01-07,night,11:00,17:00,8.0,bakery
SCH001419,S004,EMP058,Lisa Wilson,2024-01-25,morning,07:00,20:00,8.0,bakery
SCH001420,S004,EMP058,Lisa Wilson,2024-01-05,evening,17:00,20:00,8.0,produce
SCH001421,S004,EMP058,Lisa Wilson,2024-01-04,evening,15:00,03:00,8.0,checkout
SCH001422,S004,EMP058,Lisa Wilson,2024-01-31,evening,17:00,02:00,8.0,meat
SCH001423,S004,EMP058,Lisa Wilson,2024-01-26,night,12:00,18:00,8.0,bakery
SCH001424,S004,EMP058,Lisa Wilson,2024-01-21,morning,18:00,17:00,8.0,meat
SCH001425,S004,EMP058,Lisa Wilson,2024-01-14,evening,08:00,04:00,8.0,bakery
SCH001426,S004,EMP058,Lisa Wilson,2024-01-31,night,16:00,19:00,8.0,checkout
SCH001427,S004,EMP058,Lisa Wilson,2024-01-21,evening,20:00,15:00,8.0,produce
SCH001428,S004,EMP058,Lisa Wilson,2024-01-09,evening,09:00,02:00,8.0,meat
SCH001429,S004,EMP058,Lisa Wilson,2024-01-13,evening,06:00,06:00,8.0,bakery
SCH001430,S004,EMP058,Lisa Wilson,2024-01-18,morning,16:00,01:00,8.0,produce
SCH001431,S004,EMP058,Lisa Wilson,2024-01-28,evening,12:00,04:00,8.0,stocking
SCH001432,S004,EMP058,Lisa Wilson,2024-01-11,night,08:00,14:00,8.0,produce
SCH001433,S004,EMP058,Lisa Wilson,2024-01-08,night,17:00,17:00,8.0,dairy
SCH001434,S004,EMP058,Lisa Wilson,2024-01-16,evening,15:00,16:00,8.0,bakery
SCH001435,S004,EMP058,Lisa Wilson,2024-01-02,night,09:00,22:00,8.0,stocking
SCH001436,S004,EMP058,Lisa Wilson,2024-01-01,morning,20:00,00:00,8.0,meat
SCH001437,S004,EMP058,Lisa Wilson,2024-01-04,evening,11:00,14:00,8.0,stocking
SCH001438,S004,EMP058,Lisa Wilson,2024-01-18,morning,06:00,21:00,8.0,dairy
SCH001439,S004,EMP059,Jane Davis,2024-01-27,morning,14:00,14:00,8.0,checkout
SCH001440,S004,EMP059,Jane Davis,2024-01-10,evening,18:00,02:00,8.0,bakery
SCH001441,S004,EMP059,Jane Davis,2024-01-29,morning,13:00,01:00,8.0,meat
SCH001442,S004,EMP059,Jane Davis,2024-01-25,night,17:00,01:00,8.0,dairy
SCH001443,S004,EMP059,Jane Davis,2024-01-25,morning,06:00,16:00,8.0,stocking
SCH001444,S004,EMP059,Jane Davis,2024-01-13,evening,09:00,22:00,8.0,bakery
SCH001445,S004,EMP059,Jane Davis,2024-01-06,evening,11:00,18:00,8.0,produce
SCH001446,S004,EMP059,Jane Davis,2024-01-26,morning,13:00,16:00,8.0,produce
SCH001447,S004,EMP059,Jane Davis,2024-01-21,evening,16:00,22:00,8.0,checkout
SCH001448,S004,EMP059,Jane Davis,2024-01-09,night,17:00,06:00,8.0,dairy
SCH001449,S004,EMP059,Jane Davis,2024-01-28,night,14:00,14:00,8.0,stocking
SCH001450,S004,EMP059,Jane Davis,2024-01-15,morning,13:00,04:00,8.0,meat
SCH001451,S004,EMP059,Jane Davis,2024-01-03,night,16:00,14:00,8.0,produce
SCH001452,S004,EMP059,Jane Davis,2024-01-07,morning,15:00,18:00,8.0,stocking
SCH001453,S004,EMP059,Jane Davis,2024-01-01,night,15:00,21:00,8.0,stocking
SCH001454,S004,EMP059,Jane Davis,2024-01-14,morning,10:00,19:00,8.0,checkout
SCH001455,S004,EMP059,Jane Davis,2024-01-27,night,18:00,14:00,8.0,dairy
SCH001456,S004,EMP059,Jane Davis,2024-01-02,night,19:00,20:00,8.0,meat
SCH001457,S004,EMP059,Jane Davis,2024-01-25,night,15:00,05:00,8.0,meat
SCH001458,S004,EMP059,Jane Davis,2024-01-10,night,10:00,15:00,8.0,dairy
SCH001459,S004,EMP059,Jane Davis,2024-01-17,morning,13:00,02:00,8.0,dairy
SCH001460,S004,EMP059,Jane Davis,2024-01-27,night,14:00,05:00,8.0,dairy
SCH001461,S004,EMP059,Jane Davis,2024-01-22,night,09:00,14:00,8.0,meat
SCH001462,S004,EMP059,Jane Davis,2024-01-31,evening,15:00,05:00,8.0,meat
SCH001463,S004,EMP059,Jane Davis,2024-01-17,evening,15:00,02:00,8.0,stocking
SCH001464,S004,EMP059,Jane Davis,2024-01-22,night,16:00,22:00,8.0,meat
SCH001465,S004,EMP059,Jane Davis,2024-01-12,night,22:00,00:00,8.0,bakery
SCH001466,S004,EMP060,Sarah Davis,2024-01-09,morning,17:00,18:00,8.0,meat
SCH001467,S004,EMP060,Sarah Davis,2024-01-29,morning,12:00,06:00,8.0,checkout
SCH001468,S004,EMP060,Sarah Davis,2024-01-04,evening,14:00,05:00,8.0,checkout
SCH001469,S004,EMP060,Sarah Davis,2024-01-31,night,07:00,01:00,8.0,dairy
SCH001470,S004,EMP060,Sarah Davis,2024-01-23,evening,15:00,22:00,8.0,bakery
SCH001471,S004,EMP060,Sarah Davis,2024-01-13,morning,17:00,06:00,8.0,checkout
SCH001472,S004,EMP060,Sarah Davis,2024-01-17,evening,09:00,23:00,8.0,produce
SCH001473,S004,EMP060,Sarah Davis,2024-01-15,night,21:00,03:00,8.0,checkout
SCH001474,S004,EMP060,Sarah Davis,2024-01-12,morning,15:00,01:00,8.0,bakery
SCH001475,S004,EMP060,Sarah Davis,2024-01-09,morning,19:00,21:00,8.0,dairy
SCH001476,S004,EMP060,Sarah Davis,2024-01-04,evening,21:00,14:00,8.0,checkout
SCH001477,S004,EMP060,Sarah Davis,2024-01-04,morning,10:00,19:00,8.0,dairy
SCH001478,S004,EMP060,Sarah Davis,2024-01-23,night,07:00,18:00,8.0,stocking
SCH001479,S004,EMP060,Sarah Davis,2024-01-31,morning,11:00,06:00,8.0,dairy
SCH001480,S004,EMP060,Sarah Davis,2024-01-19,morning,08:00,14:00,8.0,produce
SCH001481,S004,EMP060,Sarah Davis,2024-01-03,morning,12:00,02:00,8.0,produce
SCH001482,S004,EMP060,Sarah Davis,2024-01-06,night,09:00,22:00,8.0,meat
SCH001483,S004,EMP060,Sarah Davis,2024-01-25,evening,18:00,21:00,8.0,meat
SCH001484,S004,EMP060,Sarah Davis,2024-01-04,morning,20:00,20:00,8.0,dairy
SCH001485,S004,EMP060,Sarah Davis,2024-01-17,morning,18:00,15:00,8.0,dairy
SCH001486,S004,EMP060,Sarah Davis,2024-01-30,evening,22:00,00:00,8.0,bakery
SCH001487,S004,EMP060,Sarah Davis,2024-01-30,night,13:00,18:00,8.0,checkout
SCH001488,S004,EMP060,Sarah Davis,2024-01-04,evening,11:00,15:00,8.0,dairy
SCH001489,S004,EMP060,Sarah Davis,2024-01-31,morning,15:00,06:00,8.0,stocking
SCH001490,S004,EMP060,Sarah Davis,2024-01-02,night,22:00,14:00,8.0,stocking
SCH001491,S005,EMP061,Mike Davis,2024-01-07,evening,08:00,17:00,8.0,produce
SCH001492,S005,EMP061,Mike Davis,2024-01-30,night,19:00,16:00,8.0,meat
SCH001493,S005,EMP061,Mike Davis,2024-01-23,evening,06:00,16:00,8.0,meat
SCH001494,S005,EMP061,Mike Davis,2024-01-24,morning,17:00,01:00,8.0,bakery
SCH001495,S005,EMP061,Mike Davis,2024-01-31,morning,07:00,15:00,8.0,stocking
SCH001496,S005,EMP061,Mike Davis,2024-01-11,morning,20:00,15:00,8.0,dairy
SCH001497,S005,EMP061,Mike Davis,2024-01-08,morning,22:00,23:00,8.0,meat
SCH001498,S005,EMP061,Mike Davis,2024-01-05,night,17:00,15:00,8.0,bakery
SCH001499,S005,EMP061,Mike Davis,2024-01-17,morning,12:00,05:00,8.0,dairy
SCH001500,S005,EMP061,Mike Davis,2024-01-13,evening,16:00,05:00,8.0,meat
SCH001501,S005,EMP061,Mike Davis,2024-01-18,morning,15:00,03:00,8.0,produce
SCH001502,S005,EMP061,Mike Davis,2024-01-08,night,08:00,18:00,8.0,produce
SCH001503,S005,EMP061,Mike Davis,2024-01-12,morning,16:00,00:00,8.0,checkout
SCH001504,S005,EMP061,Mike Davis,2024-01-31,evening,15:00,19:00,8.0,produce
SCH001505,S005,EMP061,Mike Davis,2024-01-13,evening,13:00,14:00,8.0,checkout
SCH001506,S005,EMP061,Mike Davis,2024-01-25,morning,06:00,17:00,8.0,dairy
SCH001507,S005,EMP061,Mike Davis,2024-01-03,evening,14:00,06:00,8.0,checkout
SCH001508,S005,EMP061,Mike Davis,2024-01-24,morning,12:00,05:00,8.0,stocking
SCH001509,S005,EMP061,Mike Davis,2024-01-07,morning,16:00,17:00,8.0,stocking
SCH001510,S005,EMP061,Mike Davis,2024-01-02,morning,15:00,15:00,8.0,meat
SCH001511,S005,EMP061,Mike Davis,2024-01-02,morning,10:00,06:00,8.0,dairy
SCH001512,S005,EMP061,Mike Davis,2024-01-05,evening,17:00,19:00,8.0,bakery
SCH001513,S005,EMP061,Mike Davis,2024-01-09,night,15:00,21:00,8.0,produce
SCH001514,S005,EMP061,Mike Davis,2024-01-17,night,21:00,02:00,8.0,dairy
SCH001515,S005,EMP061,Mike Davis,2024-01-15,morning,16:00,16:00,8.0,stocking
SCH001516,S005,EMP061,Mike Davis,2024-01-16,night,08:00,23:00,8.0,stocking
SCH001517,S005,EMP061,Mike Davis,2024-01-14,morning,12:00,20:00,8.0,checkout
SCH001518,S005,EMP062,Mike Smith,2024-01-23,morning,11:00,06:00,8.0,stocking
SCH001519,S005,EMP062,Mike Smith,2024-01-15,morning,10:00,05:00,8.0,bakery
SCH001520,S005,EMP062,Mike Smith,2024-01-14,night,22:00,23:00,8.0,meat
SCH001521,S005,EMP062,Mike Smith,2024-01-11,evening,17:00,23:00,8.0,produce
SCH001522,S005,EMP062,Mike Smith,2024-01-16,evening,18:00,04:00,8.0,stocking
SCH001523,S005,EMP062,Mike Smith,2024-01-03,night,11:00,14:00,8.0,produce
SCH001524,S005,EMP062,Mike Smith,2024-01-26,morning,16:00,22:00,8.0,meat
SCH001525,S005,EMP062,Mike Smith,2024-01-17,evening,17:00,20:00,8.0,meat
SCH001526,S005,EMP062,Mike Smith,2024-01-11,evening,12:00,14:00,8.0,checkout
SCH001527,S005,EMP062,Mike Smith,2024-01-27,morning,22:00,16:00,8.0,dairy
SCH001528,S005,EMP062,Mike Smith,2024-01-10,morning,18:00,18:00,8.0,stocking
SCH001529,S005,EMP062,Mike Smith,2024-01-21,evening,16:00,23:00,8.0,meat
SCH001530,S005,EMP062,Mike Smith,2024-01-06,evening,09:00,16:00,8.0,bakery
SCH001531,S005,EMP062,Mike Smith,2024-01-25,morning,13:00,05:00,8.0,produce
SCH001532,S005,EMP062,Mike Smith,2024-01-02,morning,18:00,16:00,8.0,bakery
SCH001533,S005,EMP062,Mike Smith,2024-01-09,morning,09:00,21:00,8.0,produce
SCH001534,S005,EMP062,Mike Smith,2024-01-03,night,20:00,22:00,8.0,stocking
SCH001535,S005,EMP062,Mike Smith,2024-01-20,night,21:00,00:00,8.0,produce
SCH001536,S005,EMP062,Mike Smith,2024-01-15,morning,09:00,02:00,8.0,dairy
SCH001537,S005,EMP062,Mike Smith,2024-01-11,evening,15:00,18:00,8.0,stocking
SCH001538,S005,EMP062,Mike Smith,2024-01-24,morning,19:00,19:00,8.0,dairy
SCH001539,S005,EMP062,Mike Smith,2024-01-15,evening,13:00,20:00,8.0,checkout
SCH001540,S005,EMP062,Mike Smith,2024-01-11,night,08:00,05:00,8.0,meat
SCH001541,S005,EMP062,Mike Smith,2024-01-21,night,18:00,18:00,8.0,checkout
SCH001542,S005,EMP062,Mike Smith,2024-01-09,night,06:00,04:00,8.0,checkout
SCH001543,S005,EMP062,Mike Smith,2024-01-28,night,13:00,21:00,8.0,bakery
SCH001544,S005,EMP062,Mike Smith,2024-01-11,night,19:00,01:00,8.0,bakery
SCH001545,S005,EMP062,Mike Smith,2024-01-09,night,21:00,03:00,8.0,bakery
SCH001546,S005,EMP063,John Davis,2024-01-15,morning,10:00,05:00,8.0,stocking
SCH001547,S005,EMP063,John Davis,2024-01-21,evening,08:00,20:00,8.0,bakery
SCH001548,S005,EMP063,John Davis,2024-01-29,night,11:00,16:00,8.0,dairy
SCH001549,S005,EMP063,John Davis,2024-01-06,morning,10:00,21:00,8.0,bakery
SCH001550,S005,EMP063,John Davis,2024-01-25,morning,11:00,15:00,8.0,stocking
SCH001551,S005,EMP063,John Davis,2024-01-21,evening,08:00,15:00,8.0,bakery
SCH001552,S005,EMP063,John Davis,2024-01-05,morning,20:00,20:00,8.0,bakery
SCH001553,S005,EMP063,John Davis,2024-01-31,morning,18:00,15:00,8.0,meat
SCH001554,S005,EMP063,John Davis,2024-01-27,evening,22:00,19:00,8.0,produce
SCH001555,S005,EMP063,John Davis,2024-01-14,night,15:00,03:00,8.0,bakery
SCH001556,S005,EMP063,John Davis,2024-01-16,morning,21:00,22:00,8.0,meat
SCH001557,S005,EMP063,John Davis,2024-01-04,evening,19:00,16:00,8.0,checkout
SCH001558,S005,EMP063,John Davis,2024-01-08,morning,18:00,05:00,8.0,produce
SCH001559,S005,EMP063,John Davis,2024-01-27,evening,15:00,01:00,8.0,produce
SCH001560,S005,EMP063,John Davis,2024-01-11,evening,11:00,05:00,8.0,produce
SCH001561,S005,EMP063,John Davis,2024-01-02,night,17:00,20:00,8.0,produce
SCH001562,S005,EMP063,John Davis,2024-01-29,morning,14:00,18:00,8.0,meat
SCH001563,S005,EMP063,John Davis,2024-01-10,evening,08:00,03:00,8.0,dairy
SCH001564,S005,EMP063,John Davis,2024-01-21,night,11:00,00:00,8.0,bakery
SCH001565,S005,EMP063,John Davis,2024-01-23,night,09:00,02:00,8.0,dairy
SCH001566,S005,EMP063,John Davis,2024-01-16,morning,21:00,05:00,8.0,produce
SCH001567,S005,EMP064,Mike Wilson,2024-01-21,night,08:00,01:00,8.0,stocking
SCH001568,S005,EMP064,Mike Wilson,2024-01-09,morning,09:00,02:00,8.0,stocking
SCH001569,S005,EMP064,Mike Wilson,2024-01-07,morning,18:00,03:00,8.0,stocking
SCH001570,S005,EMP064,Mike Wilson,2024-01-04,evening,10:00,03:00,8.0,bakery
SCH001571,S005,EMP064,Mike Wilson,2024-01-31,morning,08:00,02:00,8.0,produce
SCH001572,S005,EMP064,Mike Wilson,2024-01-09,evening,07:00,23:00,8.0,stocking
SCH001573,S005,EMP064,Mike Wilson,2024-01-03,night,13:00,01:00,8.0,produce
SCH001574,S005,EMP064,Mike Wilson,2024-01-01,night,13:00,05:00,8.0,produce
SCH001575,S005,EMP064,Mike Wilson,2024-01-28,night,20:00,05:00,8.0,checkout
SCH001576,S005,EMP064,Mike Wilson,2024-01-07,night,11:00,15:00,8.0,meat
SCH001577,S005,EMP064,Mike Wilson,2024-01-08,morning,20:00,05:00,8.0,checkout
SCH001578,S005,EMP064,Mike Wilson,2024-01-20,night,20:00,02:00,8.0,meat
SCH001579,S005,EMP064,Mike Wilson,2024-01-26,night,15:00,01:00,8.0,checkout
SCH001580,S005,EMP064,Mike Wilson,2024-01-11,evening,16:00,22:00,8.0,dairy
SCH001581,S005,EMP064,Mike Wilson,2024-01-23,morning,20:00,05:00,8.0,produce
SCH001582,S005,EMP064,Mike Wilson,2024-01-02,night,09:00,17:00,8.0,bakery
SCH001583,S005,EMP064,Mike Wilson,2024-01-01,evening,08:00,23:00,8.0,dairy
SCH001584,S005,EMP064,Mike Wilson,2024-01-25,morning,09:00,00:00,8.0,stocking
SCH001585,S005,EMP064,Mike Wilson,2024-01-02,evening,07:00,19:00,8.0,produce
SCH001586,S005,EMP064,Mike Wilson,2024-01-10,evening,21:00,14:00,8.0,checkout
SCH001587,S005,EMP064,Mike Wilson,2024-01-12,night,22:00,17:00,8.0,meat
SCH001588,S005,EMP064,Mike Wilson,2024-01-28,evening,21:00,23:00,8.0,stocking
SCH001589,S005,EMP064,Mike Wilson,2024-01-27,evening,22:00,00:00,8.0,produce
SCH001590,S005,EMP064,Mike Wilson,2024-01-07,night,15:00,23:00,8.0,checkout
SCH001591,S005,EMP064,Mike Wilson,2024-01-29,evening,16:00,20:00,8.0,stocking
SCH001592,S005,EMP064,Mike Wilson,2024-01-02,evening,16:00,22:00,8.0,checkout
SCH001593,S005,EMP064,Mike Wilson,2024-01-16,evening,21:00,19:00,8.0,checkout
SCH001594,S005,EMP064,Mike Wilson,2024-01-31,night,07:00,22:00,8.0,stocking
SCH001595,S005,EMP065,David Brown,2024-01-29,night,12:00,22:00,8.0,bakery
SCH001596,S005,EMP065,David Brown,2024-01-13,morning,10:00,15:00,8.0,stocking
SCH001597,S005,EMP065,David Brown,2024-01-24,evening,20:00,14:00,8.0,bakery
SCH001598,S005,EMP065,David Brown,2024-01-21,night,07:00,17:00,8.0,bakery
SCH001599,S005,EMP065,David Brown,2024-01-24,evening,11:00,23:00,8.0,produce
SCH001600,S005,EMP065,David Brown,2024-01-30,morning,22:00,00:00,8.0,meat
SCH001601,S005,EMP065,David Brown,2024-01-12,morning,06:00,19:00,8.0,stocking
SCH001602,S005,EMP065,David Brown,2024-01-26,evening,08:00,19:00,8.0,bakery
SCH001603,S005,EMP065,David Brown,2024-01-01,morning,14:00,01:00,8.0,stocking
SCH001604,S005,EMP065,David Brown,2024-01-11,evening,14:00,05:00,8.0,dairy
SCH001605,S005,EMP065,David Brown,2024-01-11,night,11:00,03:00,8.0,bakery
SCH001606,S005,EMP065,David Brown,2024-01-09,evening,21:00,23:00,8.0,meat
SCH001607,S005,EMP065,David Brown,2024-01-04,night,09:00,22:00,8.0,produce
SCH001608,S005,EMP065,David Brown,2024-01-12,evening,15:00,00:00,8.0,bakery
SCH001609,S005,EMP065,David Brown,2024-01-20,morning,13:00,23:00,8.0,checkout
SCH001610,S005,EMP065,David Brown,2024-01-07,night,09:00,06:00,8.0,stocking
SCH001611,S005,EMP065,David Brown,2024-01-15,morning,09:00,16:00,8.0,bakery
SCH001612,S005,EMP065,David Brown,2024-01-13,morning,06:00,16:00,8.0,bakery
SCH001613,S005,EMP065,David Brown,2024-01-29,night,17:00,18:00,8.0,checkout
SCH001614,S005,EMP065,David Brown,2024-01-20,night,16:00,06:00,8.0,produce
SCH001615,S005,EMP065,David Brown,2024-01-15,evening,19:00,22:00,8.0,stocking
SCH001616,S005,EMP065,David Brown,2024-01-21,morning,14:00,04:00,8.0,dairy
SCH001617,S005,EMP065,David Brown,2024-01-03,morning,20:00,00:00,8.0,stocking
SCH001618,S005,EMP065,David Brown,2024-01-31,night,09:00,20:00,8.0,produce
SCH001619,S005,EMP065,David Brown,2024-01-24,morning,13:00,17:00,8.0,checkout
SCH001620,S005,EMP065,David Brown,2024-01-27,night,12:00,22:00,8.0,checkout
SCH001621,S005,EMP065,David Brown,2024-01-03,evening,07:00,17:00,8.0,dairy
SCH001622,S005,EMP065,David Brown,2024-01-28,evening,17:00,06:00,8.0,produce
SCH001623,S005,EMP066,Mike Brown,2024-01-09,morning,17:00,05:00,8.0,produce
SCH001624,S005,EMP066,Mike Brown,2024-01-13,evening,22:00,18:00,8.0,produce
SCH001625,S005,EMP066,Mike Brown,2024-01-31,morning,12:00,14:00,8.0,dairy
SCH001626,S005,EMP066,Mike Brown,2024-01-18,night,18:00,03:00,8.0,checkout
SCH001627,S005,EMP066,Mike Brown,2024-01-06,morning,10:00,19:00,8.0,dairy
SCH001628,S005,EMP066,Mike Brown,2024-01-05,evening,08:00,21:00,8.0,checkout
SCH001629,S005,EMP066,Mike Brown,2024-01-27,morning,16:00,16:00,8.0,produce
SCH001630,S005,EMP066,Mike Brown,2024-01-20,morning,16:00,00:00,8.0,bakery
SCH001631,S005,EMP066,Mike Brown,2024-01-01,night,12:00,17:00,8.0,meat
SCH001632,S005,EMP066,Mike Brown,2024-01-02,night,22:00,19:00,8.0,produce
SCH001633,S005,EMP066,Mike Brown,2024-01-01,evening,06:00,14:00,8.0,produce
SCH001634,S005,EMP066,Mike Brown,2024-01-22,evening,11:00,02:00,8.0,dairy
SCH001635,S005,EMP066,Mike Brown,2024-01-25,morning,14:00,02:00,8.0,checkout
SCH001636,S005,EMP066,Mike Brown,2024-01-27,evening,13:00,02:00,8.0,produce
SCH001637,S005,EMP066,Mike Brown,2024-01-08,morning,06:00,21:00,8.0,checkout
SCH001638,S005,EMP066,Mike Brown,2024-01-21,evening,20:00,14:00,8.0,meat
SCH001639,S005,EMP066,Mike Brown,2024-01-07,evening,07:00,19:00,8.0,stocking
SCH001640,S005,EMP066,Mike Brown,2024-01-12,night,14:00,14:00,8.0,meat
SCH001641,S005,EMP066,Mike Brown,2024-01-02,morning,18:00,05:00,8.0,bakery
SCH001642,S005,EMP066,Mike Brown,2024-01-23,morning,22:00,00:00,8.0,stocking
SCH001643,S005,EMP067,Lisa Brown,2024-01-04,night,18:00,21:00,8.0,meat
SCH001644,S005,EMP067,Lisa Brown,2024-01-26,morning,13:00,03:00,8.0,bakery
SCH001645,S005,EMP067,Lisa Brown,2024-01-20,night,09:00,01:00,8.0,dairy
SCH001646,S005,EMP067,Lisa Brown,2024-01-09,night,16:00,16:00,8.0,bakery
SCH001647,S005,EMP067,Lisa Brown,2024-01-27,morning,13:00,05:00,8.0,bakery
SCH001648,S005,EMP067,Lisa Brown,2024-01-05,evening,15:00,16:00,8.0,dairy
SCH001649,S005,EMP067,Lisa Brown,2024-01-27,evening,20:00,04:00,8.0,produce
SCH001650,S005,EMP067,Lisa Brown,2024-01-17,evening,20:00,18:00,8.0,dairy
SCH001651,S005,EMP067,Lisa Brown,2024-01-24,night,10:00,17:00,8.0,dairy
SCH001652,S005,EMP067,Lisa Brown,2024-01-21,evening,10:00,04:00,8.0,stocking
SCH001653,S005,EMP067,Lisa Brown,2024-01-13,night,17:00,19:00,8.0,bakery
SCH001654,S005,EMP067,Lisa Brown,2024-01-02,evening,18:00,00:00,8.0,bakery
SCH001655,S005,EMP067,Lisa Brown,2024-01-01,evening,14:00,23:00,8.0,bakery
SCH001656,S005,EMP067,Lisa Brown,2024-01-15,evening,16:00,06:00,8.0,dairy
SCH001657,S005,EMP067,Lisa Brown,2024-01-23,night,08:00,03:00,8.0,stocking
SCH001658,S005,EMP067,Lisa Brown,2024-01-19,night,09:00,23:00,8.0,produce
SCH001659,S005,EMP067,Lisa Brown,2024-01-16,morning,16:00,14:00,8.0,produce
SCH001660,S005,EMP067,Lisa Brown,2024-01-30,evening,13:00,03:00,8.0,produce
SCH001661,S005,EMP067,Lisa Brown,2024-01-01,morning,16:00,23:00,8.0,checkout
SCH001662,S005,EMP067,Lisa Brown,2024-01-11,morning,11:00,18:00,8.0,stocking
SCH001663,S005,EMP067,Lisa Brown,2024-01-01,morning,14:00,21:00,8.0,stocking
SCH001664,S005,EMP067,Lisa Brown,2024-01-29,evening,19:00,00:00,8.0,dairy
SCH001665,S005,EMP067,Lisa Brown,2024-01-14,morning,11:00,15:00,8.0,produce
SCH001666,S005,EMP067,Lisa Brown,2024-01-30,evening,15:00,20:00,8.0,bakery
SCH001667,S005,EMP067,Lisa Brown,2024-01-10,evening,13:00,03:00,8.0,checkout
SCH001668,S005,EMP067,Lisa Brown,2024-01-03,morning,08:00,05:00,8.0,stocking
SCH001669,S005,EMP067,Lisa Brown,2024-01-30,morning,13:00,14:00,8.0,stocking
SCH001670,S005,EMP067,Lisa Brown,2024-01-29,night,11:00,21:00,8.0,produce
SCH001671,S005,EMP068,Mike Davis,2024-01-03,morning,13:00,21:00,8.0,dairy
SCH001672,S005,EMP068,Mike Davis,2024-01-31,morning,21:00,03:00,8.0,checkout
SCH001673,S005,EMP068,Mike Davis,2024-01-23,morning,17:00,02:00,8.0,produce
SCH001674,S005,EMP068,Mike Davis,2024-01-14,evening,11:00,14:00,8.0,checkout
SCH001675,S005,EMP068,Mike Davis,2024-01-17,night,17:00,06:00,8.0,bakery
SCH001676,S005,EMP068,Mike Davis,2024-01-16,night,08:00,18:00,8.0,produce
SCH001677,S005,EMP068,Mike Davis,2024-01-29,evening,13:00,01:00,8.0,stocking
SCH001678,S005,EMP068,Mike Davis,2024-01-15,morning,09:00,06:00,8.0,checkout
SCH001679,S005,EMP068,Mike Davis,2024-01-28,night,19:00,23:00,8.0,dairy
SCH001680,S005,EMP068,Mike Davis,2024-01-20,night,18:00,23:00,8.0,produce
SCH001681,S005,EMP068,Mike Davis,2024-01-04,evening,12:00,15:00,8.0,dairy
SCH001682,S005,EMP068,Mike Davis,2024-01-10,night,07:00,18:00,8.0,stocking
SCH001683,S005,EMP068,Mike Davis,2024-01-10,morning,22:00,18:00,8.0,checkout
SCH001684,S005,EMP068,Mike Davis,2024-01-20,night,09:00,03:00,8.0,produce
SCH001685,S005,EMP068,Mike Davis,2024-01-23,morning,07:00,23:00,8.0,produce
SCH001686,S005,EMP068,Mike Davis,2024-01-22,morning,16:00,21:00,8.0,produce
SCH001687,S005,EMP068,Mike Davis,2024-01-08,evening,20:00,19:00,8.0,produce
SCH001688,S005,EMP068,Mike Davis,2024-01-06,night,21:00,17:00,8.0,produce
SCH001689,S005,EMP068,Mike Davis,2024-01-05,evening,21:00,23:00,8.0,dairy
SCH001690,S005,EMP068,Mike Davis,2024-01-15,evening,16:00,22:00,8.0,produce
SCH001691,S005,EMP068,Mike Davis,2024-01-23,morning,10:00,23:00,8.0,stocking
SCH001692,S005,EMP068,Mike Davis,2024-01-29,evening,21:00,15:00,8.0,produce
SCH001693,S005,EMP068,Mike Davis,2024-01-14,night,08:00,18:00,8.0,stocking
SCH001694,S005,EMP068,Mike Davis,2024-01-26,morning,21:00,00:00,8.0,meat
SCH001695,S005,EMP068,Mike Davis,2024-01-13,evening,11:00,19:00,8.0,checkout
SCH001696,S005,EMP068,Mike Davis,2024-01-30,evening,17:00,15:00,8.0,produce
SCH001697,S005,EMP068,Mike Davis,2024-01-11,morning,22:00,21:00,8.0,checkout
SCH001698,S005,EMP068,Mike Davis,2024-01-28,evening,07:00,16:00,8.0,bakery
SCH001699,S005,EMP068,Mike Davis,2024-01-30,morning,19:00,02:00,8.0,bakery
SCH001700,S005,EMP068,Mike Davis,2024-01-08,night,16:00,14:00,8.0,checkout
SCH001701,S005,EMP069,David Smith,2024-01-22,night,22:00,03:00,8.0,stocking
SCH001702,S005,EMP069,David Smith,2024-01-25,evening,10:00,20:00,8.0,bakery
SCH001703,S005,EMP069,David Smith,2024-01-27,evening,18:00,23:00,8.0,meat
SCH001704,S005,EMP069,David Smith,2024-01-26,evening,13:00,04:00,8.0,bakery
SCH001705,S005,EMP069,David Smith,2024-01-03,morning,13:00,21:00,8.0,produce
SCH001706,S005,EMP069,David Smith,2024-01-18,night,06:00,01:00,8.0,checkout
SCH001707,S005,EMP069,David Smith,2024-01-01,morning,06:00,18:00,8.0,meat
SCH001708,S005,EMP069,David Smith,2024-01-05,evening,20:00,17:00,8.0,checkout
SCH001709,S005,EMP069,David Smith,2024-01-12,evening,13:00,02:00,8.0,checkout
SCH001710,S005,EMP069,David Smith,2024-01-04,evening,16:00,22:00,8.0,checkout
SCH001711,S005,EMP069,David Smith,2024-01-18,morning,10:00,22:00,8.0,bakery
SCH001712,S005,EMP069,David Smith,2024-01-10,morning,10:00,19:00,8.0,checkout
SCH001713,S005,EMP069,David Smith,2024-01-30,night,21:00,06:00,8.0,dairy
SCH001714,S005,EMP069,David Smith,2024-01-07,morning,22:00,02:00,8.0,dairy
SCH001715,S005,EMP069,David Smith,2024-01-27,morning,10:00,18:00,8.0,dairy
SCH001716,S005,EMP069,David Smith,2024-01-13,night,16:00,23:00,8.0,dairy
SCH001717,S005,EMP069,David Smith,2024-01-25,evening,07:00,06:00,8.0,produce
SCH001718,S005,EMP069,David Smith,2024-01-22,evening,14:00,03:00,8.0,produce
SCH001719,S005,EMP069,David Smith,2024-01-26,morning,20:00,19:00,8.0,meat
SCH001720,S005,EMP069,David Smith,2024-01-10,evening,15:00,15:00,8.0,dairy
SCH001721,S005,EMP069,David Smith,2024-01-19,night,11:00,05:00,8.0,stocking
SCH001722,S005,EMP069,David Smith,2024-01-17,morning,08:00,18:00,8.0,dairy
SCH001723,S005,EMP069,David Smith,2024-01-24,evening,10:00,16:00,8.0,bakery
SCH001724,S005,EMP069,David Smith,2024-01-07,evening,06:00,15:00,8.0,checkout
SCH001725,S005,EMP069,David Smith,2024-01-10,night,07:00,00:00,8.0,bakery
SCH001726,S005,EMP069,David Smith,2024-01-15,morning,16:00,03:00,8.0,produce
SCH001727,S005,EMP069,David Smith,2024-01-09,night,19:00,21:00,8.0,meat
SCH001728,S005,EMP070,David Brown,2024-01-13,evening,13:00,15:00,8.0,bakery
SCH001729,S005,EMP070,David Brown,2024-01-26,evening,21:00,21:00,8.0,dairy
SCH001730,S005,EMP070,David Brown,2024-01-14,night,17:00,17:00,8.0,meat
SCH001731,S005,EMP070,David Brown,2024-01-26,evening,19:00,18:00,8.0,stocking
SCH001732,S005,EMP070,David Brown,2024-01-19,evening,17:00,20:00,8.0,meat
SCH001733,S005,EMP070,David Brown,2024-01-31,morning,08:00,03:00,8.0,dairy
SCH001734,S005,EMP070,David Brown,2024-01-27,evening,09:00,04:00,8.0,dairy
SCH001735,S005,EMP070,David Brown,2024-01-07,evening,12:00,14:00,8.0,produce
SCH001736,S005,EMP070,David Brown,2024-01-20,night,10:00,00:00,8.0,meat
SCH001737,S005,EMP070,David Brown,2024-01-13,evening,18:00,06:00,8.0,bakery
SCH001738,S005,EMP070,David Brown,2024-01-07,night,19:00,19:00,8.0,bakery
SCH001739,S005,EMP070,David Brown,2024-01-25,morning,20:00,06:00,8.0,checkout
SCH001740,S005,EMP070,David Brown,2024-01-12,morning,16:00,15:00,8.0,stocking
SCH001741,S005,EMP070,David Brown,2024-01-21,night,22:00,21:00,8.0,checkout
SCH001742,S005,EMP070,David Brown,2024-01-27,night,07:00,02:00,8.0,dairy
SCH001743,S005,EMP070,David Brown,2024-01-12,evening,21:00,21:00,8.0,bakery
SCH001744,S005,EMP070,David Brown,2024-01-25,morning,17:00,19:00,8.0,meat
SCH001745,S005,EMP070,David Brown,2024-01-05,evening,08:00,17:00,8.0,checkout
SCH001746,S005,EMP070,David Brown,2024-01-28,morning,07:00,14:00,8.0,meat
SCH001747,S005,EMP070,David Brown,2024-01-05,morning,21:00,00:00,8.0,checkout
SCH001748,S005,EMP070,David Brown,2024-01-31,morning,13:00,04:00,8.0,checkout
SCH001749,S005,EMP070,David Brown,2024-01-23,morning,07:00,04:00,8.0,produce
SCH001750,S005,EMP070,David Brown,2024-01-15,morning,06:00,14:00,8.0,dairy
SCH001751,S005,EMP071,Lisa Johnson,2024-01-18,morning,21:00,01:00,8.0,dairy
SCH001752,S005,EMP071,Lisa Johnson,2024-01-30,evening,14:00,02:00,8.0,meat
SCH001753,S005,EMP071,Lisa Johnson,2024-01-29,night,20:00,03:00,8.0,bakery
SCH001754,S005,EMP071,Lisa Johnson,2024-01-29,evening,18:00,05:00,8.0,dairy
SCH001755,S005,EMP071,Lisa Johnson,2024-01-07,night,18:00,14:00,8.0,produce
SCH001756,S005,EMP071,Lisa Johnson,2024-01-19,evening,18:00,16:00,8.0,checkout
SCH001757,S005,EMP071,Lisa Johnson,2024-01-27,evening,19:00,16:00,8.0,stocking
SCH001758,S005,EMP071,Lisa Johnson,2024-01-12,night,12:00,21:00,8.0,produce
SCH001759,S005,EMP071,Lisa Johnson,2024-01-24,night,20:00,04:00,8.0,stocking
SCH001760,S005,EMP071,Lisa Johnson,2024-01-19,night,06:00,21:00,8.0,bakery
SCH001761,S005,EMP071,Lisa Johnson,2024-01-18,morning,19:00,03:00,8.0,stocking
SCH001762,S005,EMP071,Lisa Johnson,2024-01-07,morning,22:00,21:00,8.0,checkout
SCH001763,S005,EMP071,Lisa Johnson,2024-01-06,night,19:00,06:00,8.0,meat
SCH001764,S005,EMP071,Lisa Johnson,2024-01-29,night,08:00,21:00,8.0,bakery
SCH001765,S005,EMP071,Lisa Johnson,2024-01-22,night,08:00,23:00,8.0,dairy
SCH001766,S005,EMP071,Lisa Johnson,2024-01-04,morning,06:00,16:00,8.0,bakery
SCH001767,S005,EMP071,Lisa Johnson,2024-01-17,evening,07:00,00:00,8.0,produce
SCH001768,S005,EMP071,Lisa Johnson,2024-01-07,morning,08:00,03:00,8.0,checkout
SCH001769,S005,EMP071,Lisa Johnson,2024-01-26,night,11:00,02:00,8.0,stocking
SCH001770,S005,EMP071,Lisa Johnson,2024-01-05,morning,14:00,21:00,8.0,produce
SCH001771,S005,EMP071,Lisa Johnson,2024-01-14,morning,21:00,04:00,8.0,dairy
SCH001772,S005,EMP071,Lisa Johnson,2024-01-01,morning,07:00,15:00,8.0,checkout
SCH001773,S005,EMP071,Lisa Johnson,2024-01-13,morning,22:00,15:00,8.0,bakery
SCH001774,S005,EMP071,Lisa Johnson,2024-01-19,morning,09:00,21:00,8.0,checkout
SCH001775,S005,EMP072,Jane Brown,2024-01-11,evening,22:00,06:00,8.0,dairy
SCH001776,S005,EMP072,Jane Brown,2024-01-23,night,09:00,00:00,8.0,meat
SCH001777,S005,EMP072,Jane Brown,2024-01-11,night,20:00,17:00,8.0,bakery
SCH001778,S005,EMP072,Jane Brown,2024-01-21,morning,16:00,02:00,8.0,dairy
SCH001779,S005,EMP072,Jane Brown,2024-01-09,night,07:00,01:00,8.0,checkout
SCH001780,S005,EMP072,Jane Brown,2024-01-02,night,10:00,19:00,8.0,checkout
SCH001781,S005,EMP072,Jane Brown,2024-01-16,morning,09:00,18:00,8.0,bakery
SCH001782,S005,EMP072,Jane Brown,2024-01-19,night,18:00,14:00,8.0,produce
SCH001783,S005,EMP072,Jane Brown,2024-01-11,night,21:00,16:00,8.0,dairy
SCH001784,S005,EMP072,Jane Brown,2024-01-12,morning,21:00,03:00,8.0,dairy
SCH001785,S005,EMP072,Jane Brown,2024-01-02,morning,07:00,14:00,8.0,bakery
SCH001786,S005,EMP072,Jane Brown,2024-01-28,morning,16:00,20:00,8.0,dairy
SCH001787,S005,EMP072,Jane Brown,2024-01-15,night,09:00,22:00,8.0,produce
SCH001788,S005,EMP072,Jane Brown,2024-01-14,evening,17:00,03:00,8.0,meat
SCH001789,S005,EMP072,Jane Brown,2024-01-17,evening,10:00,14:00,8.0,dairy
SCH001790,S005,EMP072,Jane Brown,2024-01-16,morning,08:00,02:00,8.0,checkout
SCH001791,S005,EMP072,Jane Brown,2024-01-11,evening,10:00,20:00,8.0,meat
SCH001792,S005,EMP072,Jane Brown,2024-01-19,morning,14:00,04:00,8.0,dairy
SCH001793,S005,EMP072,Jane Brown,2024-01-18,night,09:00,06:00,8.0,checkout
SCH001794,S005,EMP072,Jane Brown,2024-01-13,morning,08:00,15:00,8.0,produce
SCH001795,S005,EMP072,Jane Brown,2024-01-20,evening,11:00,01:00,8.0,dairy
SCH001796,S005,EMP072,Jane Brown,2024-01-19,evening,18:00,22:00,8.0,produce
SCH001797,S005,EMP072,Jane Brown,2024-01-10,evening,15:00,01:00,8.0,produce
SCH001798,S005,EMP072,Jane Brown,2024-01-17,morning,21:00,19:00,8.0,produce
SCH001799,S005,EMP072,Jane Brown,2024-01-31,evening,21:00,22:00,8.0,meat
SCH001800,S005,EMP072,Jane Brown,2024-01-15,night,14:00,04:00,8.0,stocking
SCH001801,S005,EMP072,Jane Brown,2024-01-05,morning,08:00,06:00,8.0,bakery
SCH001802,S005,EMP072,Jane Brown,2024-01-21,night,07:00,00:00,8.0,dairy
SCH001803,S005,EMP072,Jane Brown,2024-01-12,morning,18:00,21:00,8.0,bakery
SCH001804,S005,EMP073,Sarah Wilson,2024-01-21,night,10:00,22:00,8.0,dairy
SCH001805,S005,EMP073,Sarah Wilson,2024-01-04,night,20:00,15:00,8.0,checkout
SCH001806,S005,EMP073,Sarah Wilson,2024-01-29,evening,22:00,16:00,8.0,dairy
SCH001807,S005,EMP073,Sarah Wilson,2024-01-20,evening,10:00,23:00,8.0,bakery
SCH001808,S005,EMP073,Sarah Wilson,2024-01-10,morning,22:00,19:00,8.0,meat
SCH001809,S005,EMP073,Sarah Wilson,2024-01-29,night,15:00,00:00,8.0,bakery
SCH001810,S005,EMP073,Sarah Wilson,2024-01-03,morning,14:00,02:00,8.0,meat
SCH001811,S005,EMP073,Sarah Wilson,2024-01-21,evening,18:00,05:00,8.0,meat
SCH001812,S005,EMP073,Sarah Wilson,2024-01-01,morning,17:00,01:00,8.0,produce
SCH001813,S005,EMP073,Sarah Wilson,2024-01-01,night,14:00,04:00,8.0,checkout
SCH001814,S005,EMP073,Sarah Wilson,2024-01-19,night,21:00,03:00,8.0,produce
SCH001815,S005,EMP073,Sarah Wilson,2024-01-10,morning,21:00,19:00,8.0,meat
SCH001816,S005,EMP073,Sarah Wilson,2024-01-09,night,09:00,18:00,8.0,checkout
SCH001817,S005,EMP073,Sarah Wilson,2024-01-11,evening,17:00,20:00,8.0,bakery
SCH001818,S005,EMP073,Sarah Wilson,2024-01-20,evening,19:00,06:00,8.0,produce
SCH001819,S005,EMP073,Sarah Wilson,2024-01-17,evening,07:00,06:00,8.0,dairy
SCH001820,S005,EMP073,Sarah Wilson,2024-01-07,morning,11:00,02:00,8.0,stocking
SCH001821,S005,EMP073,Sarah Wilson,2024-01-12,night,16:00,01:00,8.0,meat
SCH001822,S005,EMP073,Sarah Wilson,2024-01-18,night,15:00,19:00,8.0,stocking
SCH001823,S005,EMP073,Sarah Wilson,2024-01-07,evening,20:00,03:00,8.0,bakery
SCH001824,S005,EMP073,Sarah Wilson,2024-01-14,morning,19:00,04:00,8.0,dairy
SCH001825,S005,EMP073,Sarah Wilson,2024-01-03,evening,22:00,23:00,8.0,checkout
SCH001826,S005,EMP074,Lisa Wilson,2024-01-21,evening,22:00,16:00,8.0,dairy
SCH001827,S005,EMP074,Lisa Wilson,2024-01-23,evening,08:00,19:00,8.0,checkout
SCH001828,S005,EMP074,Lisa Wilson,2024-01-26,evening,13:00,19:00,8.0,dairy
SCH001829,S005,EMP074,Lisa Wilson,2024-01-12,night,10:00,16:00,8.0,bakery
SCH001830,S005,EMP074,Lisa Wilson,2024-01-07,morning,21:00,20:00,8.0,dairy
SCH001831,S005,EMP074,Lisa Wilson,2024-01-09,night,21:00,05:00,8.0,produce
SCH001832,S005,EMP074,Lisa Wilson,2024-01-24,night,16:00,02:00,8.0,checkout
SCH001833,S005,EMP074,Lisa Wilson,2024-01-13,night,12:00,06:00,8.0,bakery
SCH001834,S005,EMP074,Lisa Wilson,2024-01-01,night,20:00,18:00,8.0,produce
SCH001835,S005,EMP074,Lisa Wilson,2024-01-02,evening,10:00,05:00,8.0,produce
SCH001836,S005,EMP074,Lisa Wilson,2024-01-23,night,13:00,04:00,8.0,stocking
SCH001837,S005,EMP074,Lisa Wilson,2024-01-09,evening,14:00,00:00,8.0,bakery
SCH001838,S005,EMP074,Lisa Wilson,2024-01-21,evening,13:00,17:00,8.0,produce
SCH001839,S005,EMP074,Lisa Wilson,2024-01-06,morning,22:00,23:00,8.0,stocking
SCH001840,S005,EMP074,Lisa Wilson,2024-01-26,evening,22:00,21:00,8.0,meat
SCH001841,S005,EMP074,Lisa Wilson,2024-01-08,night,08:00,00:00,8.0,stocking
SCH001842,S005,EMP074,Lisa Wilson,2024-01-10,night,22:00,17:00,8.0,meat
SCH001843,S005,EMP074,Lisa Wilson,2024-01-31,evening,08:00,06:00,8.0,bakery
SCH001844,S005,EMP074,Lisa Wilson,2024-01-22,morning,11:00,17:00,8.0,stocking
SCH001845,S005,EMP074,Lisa Wilson,2024-01-07,evening,15:00,03:00,8.0,checkout
SCH001846,S005,EMP074,Lisa Wilson,2024-01-24,evening,18:00,18:00,8.0,dairy
SCH001847,S005,EMP074,Lisa Wilson,2024-01-18,evening,08:00,14:00,8.0,checkout
SCH001848,S005,EMP074,Lisa Wilson,2024-01-16,evening,16:00,00:00,8.0,meat
SCH001849,S005,EMP074,Lisa Wilson,2024-01-12,evening,22:00,22:00,8.0,produce
SCH001850,S005,EMP074,Lisa Wilson,2024-01-01,morning,09:00,21:00,8.0,stocking
SCH001851,S005,EMP074,Lisa Wilson,2024-01-27,morning,11:00,21:00,8.0,stocking
SCH001852,S005,EMP075,Lisa Davis,2024-01-12,night,09:00,23:00,8.0,meat
SCH001853,S005,EMP075,Lisa Davis,2024-01-05,morning,21:00,23:00,8.0,stocking
SCH001854,S005,EMP075,Lisa Davis,2024-01-22,morning,11:00,23:00,8.0,dairy
SCH001855,S005,EMP075,Lisa Davis,2024-01-30,night,08:00,14:00,8.0,meat
SCH001856,S005,EMP075,Lisa Davis,2024-01-03,morning,20:00,03:00,8.0,meat
SCH001857,S005,EMP075,Lisa Davis,2024-01-04,morning,12:00,16:00,8.0,meat
SCH001858,S005,EMP075,Lisa Davis,2024-01-26,morning,14:00,18:00,8.0,dairy
SCH001859,S005,EMP075,Lisa Davis,2024-01-31,evening,18:00,03:00,8.0,stocking
SCH001860,S005,EMP075,Lisa Davis,2024-01-20,evening,18:00,21:00,8.0,stocking
SCH001861,S005,EMP075,Lisa Davis,2024-01-06,night,16:00,14:00,8.0,meat
SCH001862,S005,EMP075,Lisa Davis,2024-01-16,night,15:00,21:00,8.0,bakery
SCH001863,S005,EMP075,Lisa Davis,2024-01-12,evening,08:00,16:00,8.0,bakery
SCH001864,S005,EMP075,Lisa Davis,2024-01-18,night,06:00,17:00,8.0,dairy
SCH001865,S005,EMP075,Lisa Davis,2024-01-31,morning,06:00,03:00,8.0,meat
SCH001866,S005,EMP075,Lisa Davis,2024-01-26,evening,16:00,22:00,8.0,bakery
SCH001867,S005,EMP075,Lisa Davis,2024-01-31,night,18:00,20:00,8.0,stocking
SCH001868,S005,EMP075,Lisa Davis,2024-01-03,night,16:00,15:00,8.0,stocking
SCH001869,S005,EMP075,Lisa Davis,2024-01-02,morning,19:00,06:00,8.0,bakery
SCH001870,S005,EMP075,Lisa Davis,2024-01-22,evening,20:00,22:00,8.0,meat
SCH001871,S005,EMP075,Lisa Davis,2024-01-22,morning,12:00,01:00,8.0,meat
SCH001872,S005,EMP075,Lisa Davis,2024-01-10,morning,17:00,01:00,8.0,dairy
SCH001873,S006,EMP076,David Wilson,2024-01-09,night,16:00,21:00,8.0,bakery
SCH001874,S006,EMP076,David Wilson,2024-01-26,evening,13:00,23:00,8.0,stocking
SCH001875,S006,EMP076,David Wilson,2024-01-01,night,18:00,21:00,8.0,produce
SCH001876,S006,EMP076,David Wilson,2024-01-30,night,19:00,19:00,8.0,produce
SCH001877,S006,EMP076,David Wilson,2024-01-28,night,17:00,01:00,8.0,meat
SCH001878,S006,EMP076,David Wilson,2024-01-24,morning,22:00,18:00,8.0,dairy
SCH001879,S006,EMP076,David Wilson,2024-01-23,morning,06:00,18:00,8.0,dairy
SCH001880,S006,EMP076,David Wilson,2024-01-10,night,10:00,23:00,8.0,dairy
SCH001881,S006,EMP076,David Wilson,2024-01-30,evening,21:00,05:00,8.0,dairy
SCH001882,S006,EMP076,David Wilson,2024-01-09,evening,15:00,21:00,8.0,bakery
SCH001883,S006,EMP076,David Wilson,2024-01-13,evening,10:00,14:00,8.0,stocking
SCH001884,S006,EMP076,David Wilson,2024-01-16,morning,21:00,22:00,8.0,stocking
SCH001885,S006,EMP076,David Wilson,2024-01-23,morning,15:00,19:00,8.0,produce
SCH001886,S006,EMP076,David Wilson,2024-01-17,night,12:00,20:00,8.0,meat
SCH001887,S006,EMP076,David Wilson,2024-01-16,evening,08:00,20:00,8.0,checkout
SCH001888,S006,EMP076,David Wilson,2024-01-30,night,11:00,18:00,8.0,dairy
SCH001889,S006,EMP076,David Wilson,2024-01-11,night,17:00,02:00,8.0,checkout
SCH001890,S006,EMP076,David Wilson,2024-01-14,morning,18:00,02:00,8.0,stocking
SCH001891,S006,EMP076,David Wilson,2024-01-27,night,15:00,05:00,8.0,bakery
SCH001892,S006,EMP076,David Wilson,2024-01-16,night,15:00,14:00,8.0,meat
SCH001893,S006,EMP076,David Wilson,2024-01-06,evening,10:00,16:00,8.0,checkout
SCH001894,S006,EMP076,David Wilson,2024-01-11,night,07:00,15:00,8.0,dairy
SCH001895,S006,EMP076,David Wilson,2024-01-25,night,13:00,02:00,8.0,produce
SCH001896,S006,EMP076,David Wilson,2024-01-01,night,18:00,02:00,8.0,checkout
SCH001897,S006,EMP076,David Wilson,2024-01-24,night,12:00,20:00,8.0,produce
SCH001898,S006,EMP077,Lisa Wilson,2024-01-14,morning,14:00,02:00,8.0,checkout
SCH001899,S006,EMP077,Lisa Wilson,2024-01-11,evening,07:00,03:00,8.0,checkout
SCH001900,S006,EMP077,Lisa Wilson,2024-01-01,evening,16:00,21:00,8.0,stocking
SCH001901,S006,EMP077,Lisa Wilson,2024-01-28,morning,22:00,14:00,8.0,produce
SCH001902,S006,EMP077,Lisa Wilson,2024-01-25,evening,08:00,21:00,8.0,produce
SCH001903,S006,EMP077,Lisa Wilson,2024-01-01,evening,06:00,15:00,8.0,meat
SCH001904,S006,EMP077,Lisa Wilson,2024-01-22,morning,07:00,16:00,8.0,bakery
SCH001905,S006,EMP077,Lisa Wilson,2024-01-22,morning,10:00,23:00,8.0,produce
SCH001906,S006,EMP077,Lisa Wilson,2024-01-11,night,21:00,21:00,8.0,dairy
SCH001907,S006,EMP077,Lisa Wilson,2024-01-30,morning,18:00,05:00,8.0,bakery
SCH001908,S006,EMP077,Lisa Wilson,2024-01-15,night,16:00,20:00,8.0,meat
SCH001909,S006,EMP077,Lisa Wilson,2024-01-23,morning,20:00,19:00,8.0,bakery
SCH001910,S006,EMP077,Lisa Wilson,2024-01-07,morning,18:00,22:00,8.0,bakery
SCH001911,S006,EMP077,Lisa Wilson,2024-01-04,evening,10:00,19:00,8.0,produce
SCH001912,S006,EMP077,Lisa Wilson,2024-01-05,night,16:00,22:00,8.0,meat
SCH001913,S006,EMP077,Lisa Wilson,2024-01-13,morning,21:00,01:00,8.0,bakery
SCH001914,S006,EMP077,Lisa Wilson,2024-01-29,evening,07:00,21:00,8.0,checkout
SCH001915,S006,EMP077,Lisa Wilson,2024-01-14,night,07:00,20:00,8.0,stocking
SCH001916,S006,EMP077,Lisa Wilson,2024-01-20,morning,22:00,23:00,8.0,bakery
SCH001917,S006,EMP077,Lisa Wilson,2024-01-23,evening,21:00,20:00,8.0,meat
SCH001918,S006,EMP077,Lisa Wilson,2024-01-08,night,07:00,06:00,8.0,dairy
SCH001919,S006,EMP077,Lisa Wilson,2024-01-14,night,15:00,22:00,8.0,checkout
SCH001920,S006,EMP077,Lisa Wilson,2024-01-28,night,08:00,02:00,8.0,dairy
SCH001921,S006,EMP077,Lisa Wilson,2024-01-24,evening,15:00,01:00,8.0,bakery
SCH001922,S006,EMP077,Lisa Wilson,2024-01-04,morning,15:00,02:00,8.0,checkout
SCH001923,S006,EMP077,Lisa Wilson,2024-01-19,night,17:00,16:00,8.0,bakery
SCH001924,S006,EMP077,Lisa Wilson,2024-01-14,evening,09:00,16:00,8.0,meat
SCH001925,S006,EMP077,Lisa Wilson,2024-01-22,night,16:00,21:00,8.0,bakery
SCH001926,S006,EMP077,Lisa Wilson,2024-01-04,morning,18:00,04:00,8.0,meat
SCH001927,S006,EMP078,Mike Brown,2024-01-01,evening,17:00,14:00,8.0,stocking
SCH001928,S006,EMP078,Mike Brown,2024-01-26,night,09:00,05:00,8.0,produce
SCH001929,S006,EMP078,Mike Brown,2024-01-11,evening,06:00,14:00,8.0,produce
SCH001930,S006,EMP078,Mike Brown,2024-01-16,night,17:00,15:00,8.0,stocking
SCH001931,S006,EMP078,Mike Brown,2024-01-18,night,13:00,01:00,8.0,meat
SCH001932,S006,EMP078,Mike Brown,2024-01-18,night,11:00,01:00,8.0,meat
SCH001933,S006,EMP078,Mike Brown,2024-01-01,morning,18:00,16:00,8.0,stocking
SCH001934,S006,EMP078,Mike Brown,2024-01-18,night,14:00,18:00,8.0,dairy
SCH001935,S006,EMP078,Mike Brown,2024-01-22,night,07:00,21:00,8.0,dairy
SCH001936,S006,EMP078,Mike Brown,2024-01-24,night,19:00,00:00,8.0,meat
SCH001937,S006,EMP078,Mike Brown,2024-01-16,night,22:00,01:00,8.0,dairy
SCH001938,S006,EMP078,Mike Brown,2024-01-09,morning,13:00,02:00,8.0,bakery
SCH001939,S006,EMP078,Mike Brown,2024-01-12,evening,06:00,03:00,8.0,dairy
SCH001940,S006,EMP078,Mike Brown,2024-01-23,morning,20:00,23:00,8.0,stocking
SCH001941,S006,EMP078,Mike Brown,2024-01-14,night,16:00,23:00,8.0,produce
SCH001942,S006,EMP078,Mike Brown,2024-01-25,morning,21:00,03:00,8.0,bakery
SCH001943,S006,EMP078,Mike Brown,2024-01-31,morning,11:00,20:00,8.0,dairy
SCH001944,S006,EMP078,Mike Brown,2024-01-14,evening,20:00,06:00,8.0,meat
SCH001945,S006,EMP078,Mike Brown,2024-01-28,night,07:00,19:00,8.0,checkout
SCH001946,S006,EMP078,Mike Brown,2024-01-11,night,18:00,20:00,8.0,produce
SCH001947,S006,EMP078,Mike Brown,2024-01-14,morning,14:00,21:00,8.0,checkout
SCH001948,S006,EMP078,Mike Brown,2024-01-30,night,18:00,04:00,8.0,meat
SCH001949,S006,EMP078,Mike Brown,2024-01-05,evening,12:00,21:00,8.0,meat
SCH001950,S006,EMP078,Mike Brown,2024-01-22,morning,07:00,20:00,8.0,produce
SCH001951,S006,EMP078,Mike Brown,2024-01-07,night,19:00,23:00,8.0,checkout
SCH001952,S006,EMP078,Mike Brown,2024-01-25,night,16:00,02:00,8.0,meat
SCH001953,S006,EMP078,Mike Brown,2024-01-08,morning,11:00,16:00,8.0,checkout
SCH001954,S006,EMP078,Mike Brown,2024-01-06,evening,21:00,16:00,8.0,bakery
SCH001955,S006,EMP079,Lisa Brown,2024-01-02,evening,22:00,17:00,8.0,stocking
SCH001956,S006,EMP079,Lisa Brown,2024-01-02,evening,19:00,04:00,8.0,bakery
SCH001957,S006,EMP079,Lisa Brown,2024-01-21,night,11:00,20:00,8.0,dairy
SCH001958,S006,EMP079,Lisa Brown,2024-01-11,evening,08:00,15:00,8.0,bakery
SCH001959,S006,EMP079,Lisa Brown,2024-01-17,morning,15:00,20:00,8.0,bakery
SCH001960,S006,EMP079,Lisa Brown,2024-01-27,night,11:00,00:00,8.0,checkout
SCH001961,S006,EMP079,Lisa Brown,2024-01-05,night,22:00,23:00,8.0,stocking
SCH001962,S006,EMP079,Lisa Brown,2024-01-24,night,12:00,02:00,8.0,produce
SCH001963,S006,EMP079,Lisa Brown,2024-01-15,evening,17:00,15:00,8.0,dairy
SCH001964,S006,EMP079,Lisa Brown,2024-01-07,night,14:00,18:00,8.0,meat
SCH001965,S006,EMP079,Lisa Brown,2024-01-30,evening,10:00,18:00,8.0,meat
SCH001966,S006,EMP079,Lisa Brown,2024-01-27,evening,15:00,00:00,8.0,stocking
SCH001967,S006,EMP079,Lisa Brown,2024-01-02,night,16:00,23:00,8.0,dairy
SCH001968,S006,EMP079,Lisa Brown,2024-01-31,morning,20:00,19:00,8.0,meat
SCH001969,S006,EMP079,Lisa Brown,2024-01-31,morning,10:00,02:00,8.0,dairy
SCH001970,S006,EMP079,Lisa Brown,2024-01-23,morning,22:00,23:00,8.0,stocking
SCH001971,S006,EMP079,Lisa Brown,2024-01-11,morning,15:00,02:00,8.0,bakery
SCH001972,S006,EMP079,Lisa Brown,2024-01-01,morning,12:00,02:00,8.0,checkout
SCH001973,S006,EMP079,Lisa Brown,2024-01-22,night,17:00,20:00,8.0,meat
SCH001974,S006,EMP079,Lisa Brown,2024-01-16,morning,19:00,02:00,8.0,bakery
SCH001975,S006,EMP079,Lisa Brown,2024-01-30,morning,20:00,00:00,8.0,produce
SCH001976,S006,EMP079,Lisa Brown,2024-01-29,evening,12:00,14:00,8.0,produce
SCH001977,S006,EMP080,Mike Davis,2024-01-02,morning,15:00,05:00,8.0,meat
SCH001978,S006,EMP080,Mike Davis,2024-01-12,night,18:00,15:00,8.0,checkout
SCH001979,S006,EMP080,Mike Davis,2024-01-28,morning,14:00,16:00,8.0,bakery
SCH001980,S006,EMP080,Mike Davis,2024-01-13,night,11:00,21:00,8.0,stocking
SCH001981,S006,EMP080,Mike Davis,2024-01-13,morning,19:00,00:00,8.0,stocking
SCH001982,S006,EMP080,Mike Davis,2024-01-17,evening,21:00,02:00,8.0,meat
SCH001983,S006,EMP080,Mike Davis,2024-01-21,evening,10:00,21:00,8.0,meat
SCH001984,S006,EMP080,Mike Davis,2024-01-04,evening,10:00,21:00,8.0,bakery
SCH001985,S006,EMP080,Mike Davis,2024-01-09,morning,22:00,16:00,8.0,dairy
SCH001986,S006,EMP080,Mike Davis,2024-01-24,evening,08:00,15:00,8.0,checkout
SCH001987,S006,EMP080,Mike Davis,2024-01-13,night,12:00,22:00,8.0,dairy
SCH001988,S006,EMP080,Mike Davis,2024-01-03,evening,08:00,18:00,8.0,dairy
SCH001989,S006,EMP080,Mike Davis,2024-01-28,morning,19:00,00:00,8.0,stocking
SCH001990,S006,EMP080,Mike Davis,2024-01-01,morning,15:00,18:00,8.0,stocking
SCH001991,S006,EMP080,Mike Davis,2024-01-27,night,06:00,01:00,8.0,checkout
SCH001992,S006,EMP080,Mike Davis,2024-01-24,night,10:00,04:00,8.0,checkout
SCH001993,S006,EMP080,Mike Davis,2024-01-27,morning,14:00,00:00,8.0,dairy
SCH001994,S006,EMP080,Mike Davis,2024-01-29,night,15:00,01:00,8.0,produce
SCH001995,S006,EMP080,Mike Davis,2024-01-30,evening,09:00,22:00,8.0,stocking
SCH001996,S006,EMP080,Mike Davis,2024-01-22,night,19:00,18:00,8.0,meat
SCH001997,S006,EMP080,Mike Davis,2024-01-09,morning,08:00,19:00,8.0,checkout
SCH001998,S006,EMP080,Mike Davis,2024-01-22,morning,14:00,03:00,8.0,produce
SCH001999,S006,EMP081,David Johnson,2024-01-25,morning,11:00,06:00,8.0,checkout
SCH002000,S006,EMP081,David Johnson,2024-01-18,evening,18:00,22:00,8.0,checkout
SCH002001,S006,EMP081,David Johnson,2024-01-09,night,07:00,14:00,8.0,bakery
SCH002002,S006,EMP081,David Johnson,2024-01-26,morning,19:00,19:00,8.0,checkout
SCH002003,S006,EMP081,David Johnson,2024-01-24,night,09:00,16:00,8.0,produce
SCH002004,S006,EMP081,David Johnson,2024-01-13,morning,06:00,20:00,8.0,dairy
SCH002005,S006,EMP081,David Johnson,2024-01-29,night,06:00,03:00,8.0,checkout
SCH002006,S006,EMP081,David Johnson,2024-01-30,morning,15:00,16:00,8.0,dairy
SCH002007,S006,EMP081,David Johnson,2024-01-29,night,16:00,16:00,8.0,bakery
SCH002008,S006,EMP081,David Johnson,2024-01-29,morning,07:00,00:00,8.0,stocking
SCH002009,S006,EMP081,David Johnson,2024-01-19,evening,21:00,21:00,8.0,stocking
SCH002010,S006,EMP081,David Johnson,2024-01-30,morning,13:00,15:00,8.0,produce
SCH002011,S006,EMP081,David Johnson,2024-01-22,night,06:00,20:00,8.0,bakery
SCH002012,S006,EMP081,David Johnson,2024-01-01,night,21:00,23:00,8.0,checkout
SCH002013,S006,EMP081,David Johnson,2024-01-05,evening,15:00,19:00,8.0,produce
SCH002014,S006,EMP081,David Johnson,2024-01-13,night,19:00,21:00,8.0,stocking
SCH002015,S006,EMP081,David Johnson,2024-01-20,evening,19:00,06:00,8.0,produce
SCH002016,S006,EMP081,David Johnson,2024-01-28,morning,13:00,05:00,8.0,produce
SCH002017,S006,EMP081,David Johnson,2024-01-12,evening,07:00,01:00,8.0,produce
SCH002018,S006,EMP081,David Johnson,2024-01-19,night,20:00,18:00,8.0,bakery
SCH002019,S006,EMP081,David Johnson,2024-01-11,morning,14:00,19:00,8.0,meat
SCH002020,S006,EMP081,David Johnson,2024-01-09,night,17:00,02:00,8.0,bakery
SCH002021,S006,EMP081,David Johnson,2024-01-17,night,15:00,14:00,8.0,checkout
SCH002022,S006,EMP081,David Johnson,2024-01-09,morning,14:00,18:00,8.0,bakery
SCH002023,S006,EMP081,David Johnson,2024-01-15,morning,16:00,06:00,8.0,checkout
SCH002024,S006,EMP081,David Johnson,2024-01-30,morning,11:00,05:00,8.0,meat
SCH002025,S006,EMP081,David Johnson,2024-01-17,evening,22:00,23:00,8.0,produce
SCH002026,S006,EMP081,David Johnson,2024-01-16,morning,06:00,04:00,8.0,produce
SCH002027,S006,EMP081,David Johnson,2024-01-24,morning,11:00,23:00,8.0,meat
SCH002028,S006,EMP081,David Johnson,2024-01-23,night,08:00,04:00,8.0,stocking
SCH002029,S006,EMP082,Mike Johnson,2024-01-05,morning,10:00,18:00,8.0,bakery
SCH002030,S006,EMP082,Mike Johnson,2024-01-14,evening,09:00,02:00,8.0,meat
SCH002031,S006,EMP082,Mike Johnson,2024-01-17,morning,20:00,18:00,8.0,produce
SCH002032,S006,EMP082,Mike Johnson,2024-01-10,morning,10:00,06:00,8.0,stocking
SCH002033,S006,EMP082,Mike Johnson,2024-01-25,night,22:00,05:00,8.0,dairy
SCH002034,S006,EMP082,Mike Johnson,2024-01-07,evening,15:00,05:00,8.0,bakery
SCH002035,S006,EMP082,Mike Johnson,2024-01-08,evening,06:00,23:00,8.0,meat
SCH002036,S006,EMP082,Mike Johnson,2024-01-03,evening,17:00,18:00,8.0,checkout
SCH002037,S006,EMP082,Mike Johnson,2024-01-04,evening,06:00,15:00,8.0,checkout
SCH002038,S006,EMP082,Mike Johnson,2024-01-27,evening,22:00,17:00,8.0,stocking
SCH002039,S006,EMP082,Mike Johnson,2024-01-27,night,18:00,16:00,8.0,checkout
SCH002040,S006,EMP082,Mike Johnson,2024-01-11,night,17:00,06:00,8.0,dairy
SCH002041,S006,EMP082,Mike Johnson,2024-01-15,morning,21:00,17:00,8.0,meat
SCH002042,S006,EMP082,Mike Johnson,2024-01-27,night,17:00,21:00,8.0,stocking
SCH002043,S006,EMP082,Mike Johnson,2024-01-06,night,14:00,21:00,8.0,stocking
SCH002044,S006,EMP082,Mike Johnson,2024-01-12,evening,17:00,18:00,8.0,bakery
SCH002045,S006,EMP082,Mike Johnson,2024-01-10,morning,07:00,22:00,8.0,bakery
SCH002046,S006,EMP082,Mike Johnson,2024-01-22,night,21:00,14:00,8.0,checkout
SCH002047,S006,EMP082,Mike Johnson,2024-01-12,morning,22:00,00:00,8.0,stocking
SCH002048,S006,EMP082,Mike Johnson,2024-01-20,evening,15:00,05:00,8.0,meat
SCH002049,S006,EMP082,Mike Johnson,2024-01-13,night,18:00,16:00,8.0,stocking
SCH002050,S006,EMP082,Mike Johnson,2024-01-07,night,06:00,18:00,8.0,produce
SCH002051,S006,EMP083,Lisa Johnson,2024-01-04,evening,13:00,18:00,8.0,bakery
SCH002052,S006,EMP083,Lisa Johnson,2024-01-31,evening,18:00,04:00,8.0,dairy
SCH002053,S006,EMP083,Lisa Johnson,2024-01-20,morning,11:00,02:00,8.0,bakery
SCH002054,S006,EMP083,Lisa Johnson,2024-01-20,morning,08:00,19:00,8.0,produce
SCH002055,S006,EMP083,Lisa Johnson,2024-01-31,morning,13:00,23:00,8.0,dairy
SCH002056,S006,EMP083,Lisa Johnson,2024-01-04,morning,16:00,17:00,8.0,meat
SCH002057,S006,EMP083,Lisa Johnson,2024-01-08,evening,15:00,18:00,8.0,produce
SCH002058,S006,EMP083,Lisa Johnson,2024-01-19,evening,18:00,23:00,8.0,stocking
SCH002059,S006,EMP083,Lisa Johnson,2024-01-21,evening,07:00,01:00,8.0,dairy
SCH002060,S006,EMP083,Lisa Johnson,2024-01-09,night,09:00,15:00,8.0,stocking
SCH002061,S006,EMP083,Lisa Johnson,2024-01-09,evening,17:00,17:00,8.0,checkout
SCH002062,S006,EMP083,Lisa Johnson,2024-01-02,evening,12:00,05:00,8.0,bakery
SCH002063,S006,EMP083,Lisa Johnson,2024-01-20,night,17:00,15:00,8.0,produce
SCH002064,S006,EMP083,Lisa Johnson,2024-01-05,evening,08:00,04:00,8.0,checkout
SCH002065,S006,EMP083,Lisa Johnson,2024-01-28,night,14:00,21:00,8.0,bakery
SCH002066,S006,EMP083,Lisa Johnson,2024-01-25,night,06:00,22:00,8.0,dairy
SCH002067,S006,EMP083,Lisa Johnson,2024-01-22,night,18:00,18:00,8.0,stocking
SCH002068,S006,EMP083,Lisa Johnson,2024-01-11,evening,15:00,20:00,8.0,bakery
SCH002069,S006,EMP083,Lisa Johnson,2024-01-31,night,08:00,17:00,8.0,stocking
SCH002070,S006,EMP083,Lisa Johnson,2024-01-24,night,15:00,23:00,8.0,meat
SCH002071,S006,EMP083,Lisa Johnson,2024-01-14,night,13:00,04:00,8.0,checkout
SCH002072,S006,EMP083,Lisa Johnson,2024-01-28,evening,09:00,04:00,8.0,dairy
SCH002073,S006,EMP083,Lisa Johnson,2024-01-10,evening,19:00,15:00,8.0,dairy
SCH002074,S006,EMP083,Lisa Johnson,2024-01-23,night,17:00,04:00,8.0,produce
SCH002075,S006,EMP083,Lisa Johnson,2024-01-21,night,22:00,06:00,8.0,dairy
SCH002076,S006,EMP084,Jane Davis,2024-01-14,morning,10:00,04:00,8.0,checkout
SCH002077,S006,EMP084,Jane Davis,2024-01-02,evening,12:00,20:00,8.0,checkout
SCH002078,S006,EMP084,Jane Davis,2024-01-18,evening,22:00,00:00,8.0,meat
SCH002079,S006,EMP084,Jane Davis,2024-01-14,night,15:00,16:00,8.0,stocking
SCH002080,S006,EMP084,Jane Davis,2024-01-06,night,13:00,23:00,8.0,stocking
SCH002081,S006,EMP084,Jane Davis,2024-01-25,night,10:00,14:00,8.0,meat
SCH002082,S006,EMP084,Jane Davis,2024-01-04,morning,22:00,19:00,8.0,meat
SCH002083,S006,EMP084,Jane Davis,2024-01-31,night,16:00,23:00,8.0,produce
SCH002084,S006,EMP084,Jane Davis,2024-01-18,night,06:00,06:00,8.0,bakery
SCH002085,S006,EMP084,Jane Davis,2024-01-15,morning,19:00,03:00,8.0,produce
SCH002086,S006,EMP084,Jane Davis,2024-01-20,evening,19:00,21:00,8.0,stocking
SCH002087,S006,EMP084,Jane Davis,2024-01-22,morning,12:00,16:00,8.0,stocking
SCH002088,S006,EMP084,Jane Davis,2024-01-14,evening,20:00,04:00,8.0,checkout
SCH002089,S006,EMP084,Jane Davis,2024-01-01,evening,10:00,20:00,8.0,produce
SCH002090,S006,EMP084,Jane Davis,2024-01-06,morning,13:00,20:00,8.0,bakery
SCH002091,S006,EMP084,Jane Davis,2024-01-11,night,22:00,04:00,8.0,meat
SCH002092,S006,EMP084,Jane Davis,2024-01-07,night,11:00,20:00,8.0,produce
SCH002093,S006,EMP084,Jane Davis,2024-01-06,evening,07:00,21:00,8.0,checkout
SCH002094,S006,EMP084,Jane Davis,2024-01-03,morning,07:00,23:00,8.0,bakery
SCH002095,S006,EMP084,Jane Davis,2024-01-15,morning,18:00,22:00,8.0,bakery
SCH002096,S006,EMP084,Jane Davis,2024-01-13,night,08:00,16:00,8.0,produce
SCH002097,S006,EMP084,Jane Davis,2024-01-08,morning,15:00,20:00,8.0,stocking
SCH002098,S006,EMP084,Jane Davis,2024-01-24,night,15:00,02:00,8.0,checkout
SCH002099,S006,EMP084,Jane Davis,2024-01-10,evening,21:00,16:00,8.0,meat
SCH002100,S006,EMP084,Jane Davis,2024-01-13,evening,13:00,22:00,8.0,bakery
SCH002101,S006,EMP084,Jane Davis,2024-01-06,night,09:00,06:00,8.0,checkout
SCH002102,S006,EMP084,Jane Davis,2024-01-26,night,16:00,16:00,8.0,checkout
SCH002103,S006,EMP084,Jane Davis,2024-01-05,evening,11:00,17:00,8.0,checkout
SCH002104,S006,EMP085,Jane Brown,2024-01-09,night,12:00,05:00,8.0,bakery
SCH002105,S006,EMP085,Jane Brown,2024-01-08,night,12:00,14:00,8.0,produce
SCH002106,S006,EMP085,Jane Brown,2024-01-18,night,21:00,06:00,8.0,produce
SCH002107,S006,EMP085,Jane Brown,2024-01-30,morning,09:00,22:00,8.0,dairy
SCH002108,S006,EMP085,Jane Brown,2024-01-12,evening,18:00,22:00,8.0,checkout
SCH002109,S006,EMP085,Jane Brown,2024-01-27,night,08:00,14:00,8.0,stocking
SCH002110,S006,EMP085,Jane Brown,2024-01-12,morning,09:00,02:00,8.0,bakery
SCH002111,S006,EMP085,Jane Brown,2024-01-05,evening,09:00,15:00,8.0,meat
SCH002112,S006,EMP085,Jane Brown,2024-01-04,evening,14:00,16:00,8.0,produce
SCH002113,S006,EMP085,Jane Brown,2024-01-08,morning,08:00,16:00,8.0,checkout
SCH002114,S006,EMP085,Jane Brown,2024-01-08,night,09:00,17:00,8.0,produce
SCH002115,S006,EMP085,Jane Brown,2024-01-19,morning,07:00,06:00,8.0,bakery
SCH002116,S006,EMP085,Jane Brown,2024-01-31,morning,22:00,17:00,8.0,bakery
SCH002117,S006,EMP085,Jane Brown,2024-01-09,night,16:00,03:00,8.0,dairy
SCH002118,S006,EMP085,Jane Brown,2024-01-05,evening,11:00,19:00,8.0,bakery
SCH002119,S006,EMP085,Jane Brown,2024-01-30,evening,11:00,15:00,8.0,produce
SCH002120,S006,EMP085,Jane Brown,2024-01-30,night,20:00,21:00,8.0,stocking
SCH002121,S006,EMP085,Jane Brown,2024-01-21,morning,22:00,03:00,8.0,produce
SCH002122,S006,EMP085,Jane Brown,2024-01-24,night,12:00,21:00,8.0,produce
SCH002123,S006,EMP085,Jane Brown,2024-01-20,morning,12:00,21:00,8.0,bakery
SCH002124,S006,EMP085,Jane Brown,2024-01-05,night,20:00,23:00,8.0,stocking
SCH002125,S006,EMP085,Jane Brown,2024-01-06,night,20:00,21:00,8.0,meat
SCH002126,S006,EMP085,Jane Brown,2024-01-18,morning,19:00,03:00,8.0,stocking
SCH002127,S006,EMP085,Jane Brown,2024-01-22,morning,07:00,23:00,8.0,stocking
SCH002128,S006,EMP085,Jane Brown,2024-01-28,morning,19:00,15:00,8.0,stocking
SCH002129,S006,EMP085,Jane Brown,2024-01-04,evening,17:00,17:00,8.0,dairy
SCH002130,S006,EMP085,Jane Brown,2024-01-05,night,14:00,23:00,8.0,produce
SCH002131,S006,EMP085,Jane Brown,2024-01-23,night,15:00,15:00,8.0,checkout
SCH002132,S006,EMP085,Jane Brown,2024-01-27,morning,19:00,06:00,8.0,meat
SCH002133,S006,EMP085,Jane Brown,2024-01-03,evening,18:00,21:00,8.0,meat
SCH002134,S006,EMP086,Lisa Johnson,2024-01-20,morning,12:00,01:00,8.0,checkout
SCH002135,S006,EMP086,Lisa Johnson,2024-01-12,night,21:00,05:00,8.0,dairy
SCH002136,S006,EMP086,Lisa Johnson,2024-01-18,evening,19:00,04:00,8.0,meat
SCH002137,S006,EMP086,Lisa Johnson,2024-01-06,night,14:00,21:00,8.0,checkout
SCH002138,S006,EMP086,Lisa Johnson,2024-01-22,evening,15:00,04:00,8.0,checkout
SCH002139,S006,EMP086,Lisa Johnson,2024-01-13,morning,19:00,23:00,8.0,produce
SCH002140,S006,EMP086,Lisa Johnson,2024-01-13,night,10:00,19:00,8.0,produce
SCH002141,S006,EMP086,Lisa Johnson,2024-01-14,evening,11:00,03:00,8.0,produce
SCH002142,S006,EMP086,Lisa Johnson,2024-01-08,night,18:00,00:00,8.0,stocking
SCH002143,S006,EMP086,Lisa Johnson,2024-01-25,night,18:00,20:00,8.0,checkout
SCH002144,S006,EMP086,Lisa Johnson,2024-01-12,evening,11:00,22:00,8.0,bakery
SCH002145,S006,EMP086,Lisa Johnson,2024-01-10,morning,06:00,14:00,8.0,produce
SCH002146,S006,EMP086,Lisa Johnson,2024-01-15,evening,12:00,05:00,8.0,meat
SCH002147,S006,EMP086,Lisa Johnson,2024-01-10,evening,15:00,23:00,8.0,bakery
SCH002148,S006,EMP086,Lisa Johnson,2024-01-13,night,17:00,23:00,8.0,stocking
SCH002149,S006,EMP086,Lisa Johnson,2024-01-14,evening,17:00,17:00,8.0,stocking
SCH002150,S006,EMP086,Lisa Johnson,2024-01-27,evening,18:00,16:00,8.0,stocking
SCH002151,S006,EMP086,Lisa Johnson,2024-01-02,evening,17:00,02:00,8.0,dairy
SCH002152,S006,EMP086,Lisa Johnson,2024-01-23,morning,22:00,03:00,8.0,meat
SCH002153,S006,EMP086,Lisa Johnson,2024-01-11,night,21:00,05:00,8.0,stocking
SCH002154,S006,EMP086,Lisa Johnson,2024-01-27,evening,19:00,16:00,8.0,checkout
SCH002155,S006,EMP086,Lisa Johnson,2024-01-15,evening,14:00,23:00,8.0,meat
SCH002156,S006,EMP086,Lisa Johnson,2024-01-07,evening,07:00,04:00,8.0,stocking
SCH002157,S006,EMP086,Lisa Johnson,2024-01-06,morning,09:00,17:00,8.0,checkout
SCH002158,S006,EMP086,Lisa Johnson,2024-01-22,morning,13:00,15:00,8.0,checkout
SCH002159,S006,EMP086,Lisa Johnson,2024-01-29,evening,11:00,00:00,8.0,checkout
SCH002160,S006,EMP086,Lisa Johnson,2024-01-16,evening,13:00,20:00,8.0,bakery
SCH002161,S006,EMP086,Lisa Johnson,2024-01-19,evening,15:00,18:00,8.0,dairy
SCH002162,S006,EMP087,Sarah Smith,2024-01-11,morning,07:00,03:00,8.0,dairy
SCH002163,S006,EMP087,Sarah Smith,2024-01-10,night,21:00,17:00,8.0,dairy
SCH002164,S006,EMP087,Sarah Smith,2024-01-15,night,13:00,02:00,8.0,dairy
SCH002165,S006,EMP087,Sarah Smith,2024-01-04,night,21:00,06:00,8.0,checkout
SCH002166,S006,EMP087,Sarah Smith,2024-01-31,evening,21:00,01:00,8.0,stocking
SCH002167,S006,EMP087,Sarah Smith,2024-01-07,morning,14:00,15:00,8.0,produce
SCH002168,S006,EMP087,Sarah Smith,2024-01-22,morning,17:00,22:00,8.0,stocking
SCH002169,S006,EMP087,Sarah Smith,2024-01-22,night,14:00,02:00,8.0,checkout
SCH002170,S006,EMP087,Sarah Smith,2024-01-14,night,17:00,23:00,8.0,checkout
SCH002171,S006,EMP087,Sarah Smith,2024-01-21,morning,17:00,22:00,8.0,dairy
SCH002172,S006,EMP087,Sarah Smith,2024-01-01,morning,19:00,01:00,8.0,bakery
SCH002173,S006,EMP087,Sarah Smith,2024-01-08,evening,22:00,05:00,8.0,checkout
SCH002174,S006,EMP087,Sarah Smith,2024-01-04,evening,21:00,15:00,8.0,produce
SCH002175,S006,EMP087,Sarah Smith,2024-01-08,evening,19:00,15:00,8.0,checkout
SCH002176,S006,EMP087,Sarah Smith,2024-01-17,morning,11:00,20:00,8.0,produce
SCH002177,S006,EMP087,Sarah Smith,2024-01-19,night,22:00,15:00,8.0,dairy
SCH002178,S006,EMP087,Sarah Smith,2024-01-04,evening,06:00,17:00,8.0,checkout
SCH002179,S006,EMP087,Sarah Smith,2024-01-01,night,12:00,22:00,8.0,checkout
SCH002180,S006,EMP087,Sarah Smith,2024-01-22,evening,20:00,01:00,8.0,dairy
SCH002181,S006,EMP087,Sarah Smith,2024-01-10,night,08:00,02:00,8.0,produce
SCH002182,S006,EMP087,Sarah Smith,2024-01-21,night,06:00,23:00,8.0,stocking
SCH002183,S006,EMP087,Sarah Smith,2024-01-03,morning,08:00,05:00,8.0,bakery
SCH002184,S006,EMP087,Sarah Smith,2024-01-13,night,14:00,16:00,8.0,bakery
SCH002185,S006,EMP087,Sarah Smith,2024-01-30,night,20:00,04:00,8.0,meat
SCH002186,S006,EMP087,Sarah Smith,2024-01-24,night,06:00,05:00,8.0,dairy
SCH002187,S006,EMP088,Sarah Johnson,2024-01-22,morning,13:00,16:00,8.0,bakery
SCH002188,S006,EMP088,Sarah Johnson,2024-01-20,evening,20:00,19:00,8.0,produce
SCH002189,S006,EMP088,Sarah Johnson,2024-01-17,night,12:00,02:00,8.0,stocking
SCH002190,S006,EMP088,Sarah Johnson,2024-01-29,morning,21:00,21:00,8.0,meat
SCH002191,S006,EMP088,Sarah Johnson,2024-01-31,evening,21:00,19:00,8.0,bakery
SCH002192,S006,EMP088,Sarah Johnson,2024-01-29,morning,10:00,16:00,8.0,stocking
SCH002193,S006,EMP088,Sarah Johnson,2024-01-20,morning,22:00,22:00,8.0,meat
SCH002194,S006,EMP088,Sarah Johnson,2024-01-29,night,13:00,04:00,8.0,stocking
SCH002195,S006,EMP088,Sarah Johnson,2024-01-17,morning,06:00,03:00,8.0,produce
SCH002196,S006,EMP088,Sarah Johnson,2024-01-23,evening,14:00,05:00,8.0,bakery
SCH002197,S006,EMP088,Sarah Johnson,2024-01-14,night,13:00,17:00,8.0,dairy
SCH002198,S006,EMP088,Sarah Johnson,2024-01-16,night,15:00,17:00,8.0,meat
SCH002199,S006,EMP088,Sarah Johnson,2024-01-07,evening,17:00,22:00,8.0,meat
SCH002200,S006,EMP088,Sarah Johnson,2024-01-15,evening,18:00,19:00,8.0,dairy
SCH002201,S006,EMP088,Sarah Johnson,2024-01-24,night,20:00,01:00,8.0,meat
SCH002202,S006,EMP088,Sarah Johnson,2024-01-24,evening,14:00,23:00,8.0,produce
SCH002203,S006,EMP088,Sarah Johnson,2024-01-20,night,12:00,19:00,8.0,dairy
SCH002204,S006,EMP088,Sarah Johnson,2024-01-18,night,17:00,05:00,8.0,produce
SCH002205,S006,EMP088,Sarah Johnson,2024-01-26,morning,06:00,17:00,8.0,bakery
SCH002206,S006,EMP088,Sarah Johnson,2024-01-19,night,08:00,19:00,8.0,stocking
SCH002207,S006,EMP089,Jane Brown,2024-01-12,night,21:00,04:00,8.0,dairy
SCH002208,S006,EMP089,Jane Brown,2024-01-16,morning,08:00,21:00,8.0,bakery
SCH002209,S006,EMP089,Jane Brown,2024-01-26,morning,11:00,23:00,8.0,dairy
SCH002210,S006,EMP089,Jane Brown,2024-01-22,morning,17:00,22:00,8.0,checkout
SCH002211,S006,EMP089,Jane Brown,2024-01-08,night,08:00,06:00,8.0,dairy
SCH002212,S006,EMP089,Jane Brown,2024-01-13,morning,09:00,15:00,8.0,checkout
SCH002213,S006,EMP089,Jane Brown,2024-01-26,night,12:00,14:00,8.0,meat
SCH002214,S006,EMP089,Jane Brown,2024-01-28,night,13:00,17:00,8.0,produce
SCH002215,S006,EMP089,Jane Brown,2024-01-04,morning,08:00,00:00,8.0,dairy
SCH002216,S006,EMP089,Jane Brown,2024-01-07,evening,16:00,22:00,8.0,bakery
SCH002217,S006,EMP089,Jane Brown,2024-01-25,evening,13:00,04:00,8.0,dairy
SCH002218,S006,EMP089,Jane Brown,2024-01-30,morning,14:00,00:00,8.0,bakery
SCH002219,S006,EMP089,Jane Brown,2024-01-19,evening,19:00,05:00,8.0,checkout
SCH002220,S006,EMP089,Jane Brown,2024-01-09,night,20:00,03:00,8.0,dairy
SCH002221,S006,EMP089,Jane Brown,2024-01-04,morning,08:00,17:00,8.0,dairy
SCH002222,S006,EMP089,Jane Brown,2024-01-03,evening,10:00,22:00,8.0,meat
SCH002223,S006,EMP089,Jane Brown,2024-01-21,morning,15:00,15:00,8.0,meat
SCH002224,S006,EMP089,Jane Brown,2024-01-13,morning,22:00,14:00,8.0,stocking
SCH002225,S006,EMP089,Jane Brown,2024-01-30,morning,19:00,03:00,8.0,stocking
SCH002226,S006,EMP089,Jane Brown,2024-01-06,morning,07:00,23:00,8.0,checkout
SCH002227,S006,EMP089,Jane Brown,2024-01-01,night,16:00,21:00,8.0,stocking
SCH002228,S006,EMP089,Jane Brown,2024-01-26,evening,08:00,05:00,8.0,stocking
SCH002229,S006,EMP089,Jane Brown,2024-01-14,night,20:00,23:00,8.0,stocking
SCH002230,S006,EMP089,Jane Brown,2024-01-23,night,15:00,05:00,8.0,produce
SCH002231,S006,EMP089,Jane Brown,2024-01-12,evening,14:00,18:00,8.0,meat
SCH002232,S006,EMP089,Jane Brown,2024-01-27,night,09:00,15:00,8.0,produce
SCH002233,S006,EMP089,Jane Brown,2024-01-10,night,15:00,06:00,8.0,meat
SCH002234,S006,EMP089,Jane Brown,2024-01-30,evening,14:00,15:00,8.0,checkout
SCH002235,S006,EMP089,Jane Brown,2024-01-15,morning,19:00,22:00,8.0,meat
SCH002236,S006,EMP089,Jane Brown,2024-01-17,night,20:00,18:00,8.0,checkout
SCH002237,S006,EMP090,David Smith,2024-01-21,morning,18:00,22:00,8.0,stocking
SCH002238,S006,EMP090,David Smith,2024-01-03,night,09:00,21:00,8.0,bakery
SCH002239,S006,EMP090,David Smith,2024-01-20,morning,13:00,05:00,8.0,checkout
SCH002240,S006,EMP090,David Smith,2024-01-28,night,21:00,23:00,8.0,produce
SCH002241,S006,EMP090,David Smith,2024-01-01,morning,19:00,18:00,8.0,dairy
SCH002242,S006,EMP090,David Smith,2024-01-13,evening,17:00,14:00,8.0,stocking
SCH002243,S006,EMP090,David Smith,2024-01-07,night,17:00,02:00,8.0,meat
SCH002244,S006,EMP090,David Smith,2024-01-12,night,06:00,23:00,8.0,dairy
SCH002245,S006,EMP090,David Smith,2024-01-30,night,08:00,05:00,8.0,produce
SCH002246,S006,EMP090,David Smith,2024-01-25,night,14:00,21:00,8.0,produce
SCH002247,S006,EMP090,David Smith,2024-01-11,night,08:00,20:00,8.0,dairy
SCH002248,S006,EMP090,David Smith,2024-01-25,morning,10:00,14:00,8.0,meat
SCH002249,S006,EMP090,David Smith,2024-01-22,morning,11:00,19:00,8.0,dairy
SCH002250,S006,EMP090,David Smith,2024-01-13,night,09:00,14:00,8.0,checkout
SCH002251,S006,EMP090,David Smith,2024-01-11,night,06:00,00:00,8.0,produce
SCH002252,S006,EMP090,David Smith,2024-01-26,night,18:00,00:00,8.0,checkout
SCH002253,S006,EMP090,David Smith,2024-01-12,evening,19:00,03:00,8.0,bakery
SCH002254,S006,EMP090,David Smith,2024-01-18,morning,17:00,04:00,8.0,meat
SCH002255,S006,EMP090,David Smith,2024-01-19,morning,16:00,23:00,8.0,stocking
SCH002256,S006,EMP090,David Smith,2024-01-07,evening,18:00,03:00,8.0,stocking
SCH002257,S007,EMP091,Mike Davis,2024-01-30,evening,10:00,00:00,8.0,meat
SCH002258,S007,EMP091,Mike Davis,2024-01-30,morning,13:00,18:00,8.0,bakery
SCH002259,S007,EMP091,Mike Davis,2024-01-28,evening,17:00,01:00,8.0,produce
SCH002260,S007,EMP091,Mike Davis,2024-01-01,night,12:00,01:00,8.0,bakery
SCH002261,S007,EMP091,Mike Davis,2024-01-26,night,10:00,05:00,8.0,stocking
SCH002262,S007,EMP091,Mike Davis,2024-01-23,morning,06:00,01:00,8.0,produce
SCH002263,S007,EMP091,Mike Davis,2024-01-31,night,14:00,19:00,8.0,meat
SCH002264,S007,EMP091,Mike Davis,2024-01-23,evening,06:00,03:00,8.0,bakery
SCH002265,S007,EMP091,Mike Davis,2024-01-03,evening,07:00,20:00,8.0,bakery
SCH002266,S007,EMP091,Mike Davis,2024-01-11,morning,17:00,06:00,8.0,checkout
SCH002267,S007,EMP091,Mike Davis,2024-01-14,night,14:00,06:00,8.0,checkout
SCH002268,S007,EMP091,Mike Davis,2024-01-20,night,07:00,20:00,8.0,meat
SCH002269,S007,EMP091,Mike Davis,2024-01-16,evening,13:00,20:00,8.0,produce
SCH002270,S007,EMP091,Mike Davis,2024-01-04,night,06:00,14:00,8.0,bakery
SCH002271,S007,EMP091,Mike Davis,2024-01-10,morning,18:00,03:00,8.0,dairy
SCH002272,S007,EMP091,Mike Davis,2024-01-09,evening,10:00,20:00,8.0,bakery
SCH002273,S007,EMP091,Mike Davis,2024-01-07,morning,22:00,22:00,8.0,checkout
SCH002274,S007,EMP091,Mike Davis,2024-01-26,morning,10:00,23:00,8.0,bakery
SCH002275,S007,EMP091,Mike Davis,2024-01-29,night,15:00,20:00,8.0,bakery
SCH002276,S007,EMP091,Mike Davis,2024-01-26,night,11:00,01:00,8.0,meat
SCH002277,S007,EMP091,Mike Davis,2024-01-17,evening,17:00,01:00,8.0,stocking
SCH002278,S007,EMP091,Mike Davis,2024-01-01,morning,09:00,19:00,8.0,meat
SCH002279,S007,EMP091,Mike Davis,2024-01-22,morning,13:00,06:00,8.0,meat
SCH002280,S007,EMP091,Mike Davis,2024-01-19,night,14:00,22:00,8.0,produce
SCH002281,S007,EMP091,Mike Davis,2024-01-06,night,09:00,03:00,8.0,meat
SCH002282,S007,EMP091,Mike Davis,2024-01-08,morning,14:00,19:00,8.0,meat
SCH002283,S007,EMP091,Mike Davis,2024-01-09,night,16:00,16:00,8.0,bakery
SCH002284,S007,EMP091,Mike Davis,2024-01-18,night,07:00,15:00,8.0,dairy
SCH002285,S007,EMP091,Mike Davis,2024-01-19,evening,11:00,01:00,8.0,stocking
SCH002286,S007,EMP092,Lisa Johnson,2024-01-07,evening,08:00,14:00,8.0,dairy
SCH002287,S007,EMP092,Lisa Johnson,2024-01-20,night,16:00,18:00,8.0,produce
SCH002288,S007,EMP092,Lisa Johnson,2024-01-27,evening,12:00,20:00,8.0,stocking
SCH002289,S007,EMP092,Lisa Johnson,2024-01-29,evening,13:00,18:00,8.0,bakery
SCH002290,S007,EMP092,Lisa Johnson,2024-01-05,night,18:00,20:00,8.0,meat
SCH002291,S007,EMP092,Lisa Johnson,2024-01-08,night,16:00,01:00,8.0,meat
SCH002292,S007,EMP092,Lisa Johnson,2024-01-16,evening,15:00,02:00,8.0,stocking
SCH002293,S007,EMP092,Lisa Johnson,2024-01-30,evening,07:00,22:00,8.0,stocking
SCH002294,S007,EMP092,Lisa Johnson,2024-01-30,morning,07:00,16:00,8.0,meat
SCH002295,S007,EMP092,Lisa Johnson,2024-01-05,night,21:00,20:00,8.0,stocking
SCH002296,S007,EMP092,Lisa Johnson,2024-01-04,morning,19:00,23:00,8.0,checkout
SCH002297,S007,EMP092,Lisa Johnson,2024-01-20,morning,15:00,01:00,8.0,produce
SCH002298,S007,EMP092,Lisa Johnson,2024-01-05,night,10:00,14:00,8.0,bakery
SCH002299,S007,EMP092,Lisa Johnson,2024-01-28,morning,17:00,05:00,8.0,checkout
SCH002300,S007,EMP092,Lisa Johnson,2024-01-17,morning,06:00,17:00,8.0,stocking
SCH002301,S007,EMP092,Lisa Johnson,2024-01-11,night,22:00,21:00,8.0,meat
SCH002302,S007,EMP092,Lisa Johnson,2024-01-16,evening,07:00,17:00,8.0,checkout
SCH002303,S007,EMP092,Lisa Johnson,2024-01-04,morning,14:00,00:00,8.0,produce
SCH002304,S007,EMP092,Lisa Johnson,2024-01-11,evening,08:00,14:00,8.0,stocking
SCH002305,S007,EMP092,Lisa Johnson,2024-01-26,night,16:00,03:00,8.0,produce
SCH002306,S007,EMP092,Lisa Johnson,2024-01-26,night,19:00,18:00,8.0,stocking
SCH002307,S007,EMP092,Lisa Johnson,2024-01-20,night,17:00,06:00,8.0,meat
SCH002308,S007,EMP092,Lisa Johnson,2024-01-04,morning,07:00,00:00,8.0,checkout
SCH002309,S007,EMP092,Lisa Johnson,2024-01-07,evening,15:00,19:00,8.0,dairy
SCH002310,S007,EMP092,Lisa Johnson,2024-01-04,evening,18:00,03:00,8.0,checkout
SCH002311,S007,EMP093,David Davis,2024-01-03,night,17:00,03:00,8.0,dairy
SCH002312,S007,EMP093,David Davis,2024-01-21,evening,19:00,19:00,8.0,produce
SCH002313,S007,EMP093,David Davis,2024-01-09,morning,19:00,00:00,8.0,bakery
SCH002314,S007,EMP093,David Davis,2024-01-22,night,19:00,18:00,8.0,dairy
SCH002315,S007,EMP093,David Davis,2024-01-12,morning,13:00,22:00,8.0,bakery
SCH002316,S007,EMP093,David Davis,2024-01-26,evening,06:00,14:00,8.0,checkout
SCH002317,S007,EMP093,David Davis,2024-01-10,morning,09:00,00:00,8.0,checkout
SCH002318,S007,EMP093,David Davis,2024-01-13,evening,11:00,04:00,8.0,checkout
SCH002319,S007,EMP093,David Davis,2024-01-04,evening,13:00,15:00,8.0,bakery
SCH002320,S007,EMP093,David Davis,2024-01-22,evening,07:00,17:00,8.0,bakery
SCH002321,S007,EMP093,David Davis,2024-01-26,morning,18:00,14:00,8.0,meat
SCH002322,S007,EMP093,David Davis,2024-01-13,evening,15:00,16:00,8.0,stocking
SCH002323,S007,EMP093,David Davis,2024-01-09,evening,22:00,19:00,8.0,produce
SCH002324,S007,EMP093,David Davis,2024-01-06,morning,11:00,23:00,8.0,meat
SCH002325,S007,EMP093,David Davis,2024-01-09,morning,07:00,20:00,8.0,meat
SCH002326,S007,EMP093,David Davis,2024-01-06,morning,18:00,15:00,8.0,checkout
SCH002327,S007,EMP093,David Davis,2024-01-22,night,06:00,16:00,8.0,dairy
SCH002328,S007,EMP093,David Davis,2024-01-21,evening,18:00,05:00,8.0,stocking
SCH002329,S007,EMP093,David Davis,2024-01-21,evening,20:00,04:00,8.0,stocking
SCH002330,S007,EMP093,David Davis,2024-01-24,morning,21:00,17:00,8.0,checkout
SCH002331,S007,EMP093,David Davis,2024-01-15,morning,20:00,18:00,8.0,checkout
SCH002332,S007,EMP093,David Davis,2024-01-23,night,10:00,05:00,8.0,bakery
SCH002333,S007,EMP093,David Davis,2024-01-17,morning,10:00,17:00,8.0,dairy
SCH002334,S007,EMP093,David Davis,2024-01-27,night,22:00,04:00,8.0,stocking
SCH002335,S007,EMP093,David Davis,2024-01-28,morning,19:00,23:00,8.0,dairy
SCH002336,S007,EMP093,David Davis,2024-01-06,evening,08:00,18:00,8.0,stocking
SCH002337,S007,EMP093,David Davis,2024-01-30,morning,19:00,21:00,8.0,meat
SCH002338,S007,EMP093,David Davis,2024-01-27,morning,17:00,02:00,8.0,stocking
SCH002339,S007,EMP094,Jane Brown,2024-01-11,evening,07:00,06:00,8.0,meat
SCH002340,S007,EMP094,Jane Brown,2024-01-09,night,15:00,23:00,8.0,bakery
SCH002341,S007,EMP094,Jane Brown,2024-01-22,morning,20:00,21:00,8.0,bakery
SCH002342,S007,EMP094,Jane Brown,2024-01-17,night,07:00,20:00,8.0,bakery
SCH002343,S007,EMP094,Jane Brown,2024-01-13,morning,14:00,20:00,8.0,meat
SCH002344,S007,EMP094,Jane Brown,2024-01-16,evening,17:00,19:00,8.0,stocking
SCH002345,S007,EMP094,Jane Brown,2024-01-30,night,06:00,03:00,8.0,stocking
SCH002346,S007,EMP094,Jane Brown,2024-01-21,night,16:00,05:00,8.0,dairy
SCH002347,S007,EMP094,Jane Brown,2024-01-07,morning,15:00,21:00,8.0,bakery
SCH002348,S007,EMP094,Jane Brown,2024-01-18,morning,17:00,05:00,8.0,meat
SCH002349,S007,EMP094,Jane Brown,2024-01-13,night,20:00,22:00,8.0,bakery
SCH002350,S007,EMP094,Jane Brown,2024-01-02,evening,10:00,04:00,8.0,bakery
SCH002351,S007,EMP094,Jane Brown,2024-01-01,night,13:00,16:00,8.0,meat
SCH002352,S007,EMP094,Jane Brown,2024-01-12,evening,15:00,22:00,8.0,dairy
SCH002353,S007,EMP094,Jane Brown,2024-01-26,evening,13:00,20:00,8.0,produce
SCH002354,S007,EMP094,Jane Brown,2024-01-17,evening,07:00,21:00,8.0,stocking
SCH002355,S007,EMP094,Jane Brown,2024-01-15,evening,20:00,00:00,8.0,stocking
SCH002356,S007,EMP094,Jane Brown,2024-01-02,evening,08:00,15:00,8.0,stocking
SCH002357,S007,EMP094,Jane Brown,2024-01-20,morning,21:00,21:00,8.0,produce
SCH002358,S007,EMP094,Jane Brown,2024-01-26,night,13:00,04:00,8.0,dairy
SCH002359,S007,EMP094,Jane Brown,2024-01-07,morning,07:00,22:00,8.0,meat
SCH002360,S007,EMP094,Jane Brown,2024-01-09,morning,20:00,02:00,8.0,produce
SCH002361,S007,EMP094,Jane Brown,2024-01-30,evening,11:00,05:00,8.0,checkout
SCH002362,S007,EMP094,Jane Brown,2024-01-25,evening,20:00,23:00,8.0,produce
SCH002363,S007,EMP094,Jane Brown,2024-01-24,morning,19:00,04:00,8.0,produce
SCH002364,S007,EMP095,Jane Brown,2024-01-29,morning,17:00,02:00,8.0,bakery
SCH002365,S007,EMP095,Jane Brown,2024-01-30,night,18:00,03:00,8.0,stocking
SCH002366,S007,EMP095,Jane Brown,2024-01-20,evening,07:00,02:00,8.0,stocking
SCH002367,S007,EMP095,Jane Brown,2024-01-29,night,22:00,20:00,8.0,dairy
SCH002368,S007,EMP095,Jane Brown,2024-01-28,night,15:00,18:00,8.0,checkout
SCH002369,S007,EMP095,Jane Brown,2024-01-28,night,15:00,23:00,8.0,meat
SCH002370,S007,EMP095,Jane Brown,2024-01-25,night,07:00,02:00,8.0,produce
SCH002371,S007,EMP095,Jane Brown,2024-01-09,night,10:00,02:00,8.0,checkout
SCH002372,S007,EMP095,Jane Brown,2024-01-06,morning,14:00,16:00,8.0,meat
SCH002373,S007,EMP095,Jane Brown,2024-01-03,morning,18:00,15:00,8.0,produce
SCH002374,S007,EMP095,Jane Brown,2024-01-13,night,18:00,17:00,8.0,produce
SCH002375,S007,EMP095,Jane Brown,2024-01-19,evening,13:00,18:00,8.0,meat
SCH002376,S007,EMP095,Jane Brown,2024-01-12,night,08:00,06:00,8.0,produce
SCH002377,S007,EMP095,Jane Brown,2024-01-20,evening,12:00,20:00,8.0,bakery
SCH002378,S007,EMP095,Jane Brown,2024-01-30,morning,16:00,22:00,8.0,produce
SCH002379,S007,EMP095,Jane Brown,2024-01-11,night,19:00,02:00,8.0,meat
SCH002380,S007,EMP095,Jane Brown,2024-01-06,morning,21:00,15:00,8.0,stocking
SCH002381,S007,EMP095,Jane Brown,2024-01-30,morning,12:00,01:00,8.0,bakery
SCH002382,S007,EMP095,Jane Brown,2024-01-14,night,08:00,03:00,8.0,produce
SCH002383,S007,EMP095,Jane Brown,2024-01-22,morning,06:00,19:00,8.0,stocking
SCH002384,S007,EMP095,Jane Brown,2024-01-23,morning,19:00,22:00,8.0,produce
SCH002385,S007,EMP095,Jane Brown,2024-01-25,night,15:00,21:00,8.0,produce
SCH002386,S007,EMP095,Jane Brown,2024-01-25,morning,12:00,16:00,8.0,meat
SCH002387,S007,EMP095,Jane Brown,2024-01-19,night,08:00,00:00,8.0,bakery
SCH002388,S007,EMP096,Mike Wilson,2024-01-02,night,18:00,19:00,8.0,dairy
SCH002389,S007,EMP096,Mike Wilson,2024-01-01,evening,10:00,18:00,8.0,meat
SCH002390,S007,EMP096,Mike Wilson,2024-01-18,evening,14:00,06:00,8.0,checkout
SCH002391,S007,EMP096,Mike Wilson,2024-01-10,morning,20:00,05:00,8.0,meat
SCH002392,S007,EMP096,Mike Wilson,2024-01-26,morning,19:00,21:00,8.0,bakery
SCH002393,S007,EMP096,Mike Wilson,2024-01-05,night,12:00,18:00,8.0,checkout
SCH002394,S007,EMP096,Mike Wilson,2024-01-17,night,20:00,04:00,8.0,stocking
SCH002395,S007,EMP096,Mike Wilson,2024-01-10,evening,13:00,06:00,8.0,bakery
SCH002396,S007,EMP096,Mike Wilson,2024-01-09,morning,17:00,20:00,8.0,meat
SCH002397,S007,EMP096,Mike Wilson,2024-01-18,night,15:00,04:00,8.0,bakery
SCH002398,S007,EMP096,Mike Wilson,2024-01-30,morning,22:00,15:00,8.0,bakery
SCH002399,S007,EMP096,Mike Wilson,2024-01-06,morning,15:00,21:00,8.0,stocking
SCH002400,S007,EMP096,Mike Wilson,2024-01-20,night,19:00,04:00,8.0,checkout
SCH002401,S007,EMP096,Mike Wilson,2024-01-29,morning,22:00,18:00,8.0,meat
SCH002402,S007,EMP096,Mike Wilson,2024-01-30,morning,13:00,21:00,8.0,stocking
SCH002403,S007,EMP096,Mike Wilson,2024-01-22,evening,09:00,22:00,8.0,produce
SCH002404,S007,EMP096,Mike Wilson,2024-01-03,night,17:00,22:00,8.0,produce
SCH002405,S007,EMP096,Mike Wilson,2024-01-08,evening,20:00,17:00,8.0,produce
SCH002406,S007,EMP096,Mike Wilson,2024-01-31,evening,17:00,02:00,8.0,produce
SCH002407,S007,EMP096,Mike Wilson,2024-01-21,evening,06:00,04:00,8.0,meat
SCH002408,S007,EMP096,Mike Wilson,2024-01-09,night,22:00,18:00,8.0,meat
SCH002409,S007,EMP096,Mike Wilson,2024-01-21,morning,14:00,02:00,8.0,checkout
SCH002410,S007,EMP097,Lisa Wilson,2024-01-06,morning,20:00,00:00,8.0,bakery
SCH002411,S007,EMP097,Lisa Wilson,2024-01-14,night,16:00,05:00,8.0,meat
SCH002412,S007,EMP097,Lisa Wilson,2024-01-29,morning,21:00,22:00,8.0,bakery
SCH002413,S007,EMP097,Lisa Wilson,2024-01-26,morning,15:00,20:00,8.0,produce
SCH002414,S007,EMP097,Lisa Wilson,2024-01-25,morning,13:00,16:00,8.0,dairy
SCH002415,S007,EMP097,Lisa Wilson,2024-01-16,morning,18:00,01:00,8.0,meat
SCH002416,S007,EMP097,Lisa Wilson,2024-01-17,night,07:00,03:00,8.0,checkout
SCH002417,S007,EMP097,Lisa Wilson,2024-01-21,morning,07:00,20:00,8.0,stocking
SCH002418,S007,EMP097,Lisa Wilson,2024-01-14,morning,16:00,04:00,8.0,meat
SCH002419,S007,EMP097,Lisa Wilson,2024-01-18,night,06:00,14:00,8.0,dairy
SCH002420,S007,EMP097,Lisa Wilson,2024-01-11,evening,15:00,15:00,8.0,checkout
SCH002421,S007,EMP097,Lisa Wilson,2024-01-14,morning,07:00,17:00,8.0,bakery
SCH002422,S007,EMP097,Lisa Wilson,2024-01-11,evening,19:00,02:00,8.0,stocking
SCH002423,S007,EMP097,Lisa Wilson,2024-01-22,evening,20:00,19:00,8.0,produce
SCH002424,S007,EMP097,Lisa Wilson,2024-01-13,night,14:00,16:00,8.0,stocking
SCH002425,S007,EMP097,Lisa Wilson,2024-01-02,night,15:00,02:00,8.0,dairy
SCH002426,S007,EMP097,Lisa Wilson,2024-01-29,morning,06:00,05:00,8.0,dairy
SCH002427,S007,EMP097,Lisa Wilson,2024-01-27,evening,11:00,04:00,8.0,produce
SCH002428,S007,EMP097,Lisa Wilson,2024-01-19,evening,06:00,01:00,8.0,stocking
SCH002429,S007,EMP097,Lisa Wilson,2024-01-04,night,11:00,20:00,8.0,checkout
SCH002430,S007,EMP097,Lisa Wilson,2024-01-15,morning,07:00,05:00,8.0,checkout
SCH002431,S007,EMP097,Lisa Wilson,2024-01-27,evening,16:00,04:00,8.0,bakery
SCH002432,S007,EMP098,Sarah Johnson,2024-01-13,morning,19:00,06:00,8.0,produce
SCH002433,S007,EMP098,Sarah Johnson,2024-01-19,night,11:00,22:00,8.0,stocking
SCH002434,S007,EMP098,Sarah Johnson,2024-01-15,night,12:00,15:00,8.0,checkout
SCH002435,S007,EMP098,Sarah Johnson,2024-01-23,evening,21:00,06:00,8.0,stocking
SCH002436,S007,EMP098,Sarah Johnson,2024-01-03,evening,22:00,01:00,8.0,produce
SCH002437,S007,EMP098,Sarah Johnson,2024-01-21,morning,22:00,16:00,8.0,meat
SCH002438,S007,EMP098,Sarah Johnson,2024-01-29,evening,16:00,17:00,8.0,bakery
SCH002439,S007,EMP098,Sarah Johnson,2024-01-19,morning,18:00,15:00,8.0,checkout
SCH002440,S007,EMP098,Sarah Johnson,2024-01-24,evening,14:00,21:00,8.0,meat
SCH002441,S007,EMP098,Sarah Johnson,2024-01-05,morning,06:00,03:00,8.0,bakery
SCH002442,S007,EMP098,Sarah Johnson,2024-01-01,morning,10:00,21:00,8.0,bakery
SCH002443,S007,EMP098,Sarah Johnson,2024-01-04,night,16:00,03:00,8.0,stocking
SCH002444,S007,EMP098,Sarah Johnson,2024-01-31,morning,13:00,17:00,8.0,stocking
SCH002445,S007,EMP098,Sarah Johnson,2024-01-13,night,09:00,15:00,8.0,produce
SCH002446,S007,EMP098,Sarah Johnson,2024-01-26,morning,15:00,21:00,8.0,produce
SCH002447,S007,EMP098,Sarah Johnson,2024-01-29,night,07:00,22:00,8.0,checkout
SCH002448,S007,EMP098,Sarah Johnson,2024-01-23,morning,21:00,22:00,8.0,checkout
SCH002449,S007,EMP098,Sarah Johnson,2024-01-25,morning,15:00,15:00,8.0,produce
SCH002450,S007,EMP098,Sarah Johnson,2024-01-24,night,07:00,19:00,8.0,stocking
SCH002451,S007,EMP098,Sarah Johnson,2024-01-24,evening,16:00,05:00,8.0,checkout
SCH002452,S007,EMP098,Sarah Johnson,2024-01-03,morning,15:00,22:00,8.0,dairy
SCH002453,S007,EMP098,Sarah Johnson,2024-01-21,morning,09:00,04:00,8.0,bakery
SCH002454,S007,EMP099,Sarah Wilson,2024-01-24,morning,20:00,02:00,8.0,produce
SCH002455,S007,EMP099,Sarah Wilson,2024-01-13,night,21:00,01:00,8.0,meat
SCH002456,S007,EMP099,Sarah Wilson,2024-01-28,morning,07:00,05:00,8.0,stocking
SCH002457,S007,EMP099,Sarah Wilson,2024-01-16,morning,09:00,06:00,8.0,stocking
SCH002458,S007,EMP099,Sarah Wilson,2024-01-13,evening,13:00,19:00,8.0,bakery
SCH002459,S007,EMP099,Sarah Wilson,2024-01-04,evening,15:00,14:00,8.0,dairy
SCH002460,S007,EMP099,Sarah Wilson,2024-01-28,night,17:00,06:00,8.0,checkout
SCH002461,S007,EMP099,Sarah Wilson,2024-01-05,night,20:00,20:00,8.0,dairy
SCH002462,S007,EMP099,Sarah Wilson,2024-01-12,morning,09:00,00:00,8.0,bakery
SCH002463,S007,EMP099,Sarah Wilson,2024-01-08,morning,07:00,04:00,8.0,meat
SCH002464,S007,EMP099,Sarah Wilson,2024-01-22,night,11:00,15:00,8.0,dairy
SCH002465,S007,EMP099,Sarah Wilson,2024-01-10,morning,08:00,17:00,8.0,bakery
SCH002466,S007,EMP099,Sarah Wilson,2024-01-29,evening,22:00,23:00,8.0,bakery
SCH002467,S007,EMP099,Sarah Wilson,2024-01-19,evening,18:00,19:00,8.0,checkout
SCH002468,S007,EMP099,Sarah Wilson,2024-01-27,morning,06:00,22:00,8.0,meat
SCH002469,S007,EMP099,Sarah Wilson,2024-01-22,evening,08:00,04:00,8.0,meat
SCH002470,S007,EMP099,Sarah Wilson,2024-01-27,night,15:00,19:00,8.0,checkout
SCH002471,S007,EMP099,Sarah Wilson,2024-01-08,evening,21:00,03:00,8.0,produce
SCH002472,S007,EMP099,Sarah Wilson,2024-01-28,night,22:00,18:00,8.0,meat
SCH002473,S007,EMP099,Sarah Wilson,2024-01-22,night,07:00,03:00,8.0,stocking
SCH002474,S007,EMP099,Sarah Wilson,2024-01-17,morning,11:00,03:00,8.0,checkout
SCH002475,S007,EMP099,Sarah Wilson,2024-01-29,night,08:00,03:00,8.0,checkout
SCH002476,S007,EMP100,Mike Davis,2024-01-28,night,07:00,17:00,8.0,stocking
SCH002477,S007,EMP100,Mike Davis,2024-01-25,morning,11:00,00:00,8.0,meat
SCH002478,S007,EMP100,Mike Davis,2024-01-28,evening,21:00,19:00,8.0,meat
SCH002479,S007,EMP100,Mike Davis,2024-01-24,night,15:00,19:00,8.0,dairy
SCH002480,S007,EMP100,Mike Davis,2024-01-09,night,15:00,01:00,8.0,stocking
SCH002481,S007,EMP100,Mike Davis,2024-01-10,evening,11:00,17:00,8.0,meat
SCH002482,S007,EMP100,Mike Davis,2024-01-09,evening,09:00,15:00,8.0,checkout
SCH002483,S007,EMP100,Mike Davis,2024-01-22,evening,14:00,16:00,8.0,dairy
SCH002484,S007,EMP100,Mike Davis,2024-01-15,morning,15:00,14:00,8.0,meat
SCH002485,S007,EMP100,Mike Davis,2024-01-18,evening,18:00,02:00,8.0,produce
SCH002486,S007,EMP100,Mike Davis,2024-01-28,evening,18:00,05:00,8.0,checkout
SCH002487,S007,EMP100,Mike Davis,2024-01-28,night,14:00,14:00,8.0,meat
SCH002488,S007,EMP100,Mike Davis,2024-01-25,night,06:00,14:00,8.0,dairy
SCH002489,S007,EMP100,Mike Davis,2024-01-03,night,20:00,21:00,8.0,checkout
SCH002490,S007,EMP100,Mike Davis,2024-01-05,evening,16:00,16:00,8.0,bakery
SCH002491,S007,EMP100,Mike Davis,2024-01-07,morning,11:00,06:00,8.0,stocking
SCH002492,S007,EMP100,Mike Davis,2024-01-06,evening,22:00,05:00,8.0,produce
SCH002493,S007,EMP100,Mike Davis,2024-01-08,night,18:00,23:00,8.0,meat
SCH002494,S007,EMP100,Mike Davis,2024-01-01,evening,11:00,23:00,8.0,checkout
SCH002495,S007,EMP100,Mike Davis,2024-01-29,morning,21:00,05:00,8.0,meat
SCH002496,S007,EMP100,Mike Davis,2024-01-28,evening,13:00,16:00,8.0,stocking
SCH002497,S007,EMP100,Mike Davis,2024-01-23,evening,11:00,23:00,8.0,dairy
SCH002498,S007,EMP100,Mike Davis,2024-01-10,morning,21:00,06:00,8.0,checkout
SCH002499,S007,EMP100,Mike Davis,2024-01-24,evening,20:00,05:00,8.0,checkout
SCH002500,S007,EMP100,Mike Davis,2024-01-05,morning,17:00,03:00,8.0,meat
SCH002501,S007,EMP100,Mike Davis,2024-01-10,night,20:00,01:00,8.0,stocking
SCH002502,S007,EMP101,Sarah Davis,2024-01-03,night,09:00,04:00,8.0,bakery
SCH002503,S007,EMP101,Sarah Davis,2024-01-07,night,17:00,02:00,8.0,meat
SCH002504,S007,EMP101,Sarah Davis,2024-01-17,morning,16:00,02:00,8.0,produce
SCH002505,S007,EMP101,Sarah Davis,2024-01-23,morning,18:00,19:00,8.0,produce
SCH002506,S007,EMP101,Sarah Davis,2024-01-06,evening,15:00,04:00,8.0,meat
SCH002507,S007,EMP101,Sarah Davis,2024-01-21,evening,19:00,17:00,8.0,bakery
SCH002508,S007,EMP101,Sarah Davis,2024-01-10,night,10:00,00:00,8.0,bakery
SCH002509,S007,EMP101,Sarah Davis,2024-01-03,morning,20:00,14:00,8.0,produce
SCH002510,S007,EMP101,Sarah Davis,2024-01-27,night,14:00,21:00,8.0,stocking
SCH002511,S007,EMP101,Sarah Davis,2024-01-22,evening,09:00,01:00,8.0,bakery
SCH002512,S007,EMP101,Sarah Davis,2024-01-11,morning,21:00,18:00,8.0,produce
SCH002513,S007,EMP101,Sarah Davis,2024-01-08,morning,06:00,03:00,8.0,checkout
SCH002514,S007,EMP101,Sarah Davis,2024-01-26,evening,06:00,15:00,8.0,meat
SCH002515,S007,EMP101,Sarah Davis,2024-01-19,morning,16:00,01:00,8.0,checkout
SCH002516,S007,EMP101,Sarah Davis,2024-01-26,night,22:00,02:00,8.0,stocking
SCH002517,S007,EMP101,Sarah Davis,2024-01-01,night,11:00,14:00,8.0,produce
SCH002518,S007,EMP101,Sarah Davis,2024-01-08,night,13:00,17:00,8.0,bakery
SCH002519,S007,EMP101,Sarah Davis,2024-01-28,morning,07:00,03:00,8.0,bakery
SCH002520,S007,EMP101,Sarah Davis,2024-01-30,evening,17:00,04:00,8.0,bakery
SCH002521,S007,EMP101,Sarah Davis,2024-01-07,evening,22:00,21:00,8.0,bakery
SCH002522,S007,EMP101,Sarah Davis,2024-01-30,night,22:00,06:00,8.0,bakery
SCH002523,S007,EMP101,Sarah Davis,2024-01-20,evening,06:00,15:00,8.0,dairy
SCH002524,S007,EMP101,Sarah Davis,2024-01-15,morning,06:00,00:00,8.0,checkout
SCH002525,S007,EMP101,Sarah Davis,2024-01-17,evening,08:00,20:00,8.0,meat
SCH002526,S007,EMP102,Mike Smith,2024-01-27,morning,21:00,16:00,8.0,bakery
SCH002527,S007,EMP102,Mike Smith,2024-01-21,evening,10:00,20:00,8.0,checkout
SCH002528,S007,EMP102,Mike Smith,2024-01-21,night,21:00,03:00,8.0,dairy
SCH002529,S007,EMP102,Mike Smith,2024-01-23,night,08:00,18:00,8.0,bakery
SCH002530,S007,EMP102,Mike Smith,2024-01-19,night,15:00,04:00,8.0,dairy
SCH002531,S007,EMP102,Mike Smith,2024-01-11,morning,08:00,02:00,8.0,bakery
SCH002532,S007,EMP102,Mike Smith,2024-01-23,evening,10:00,15:00,8.0,stocking
SCH002533,S007,EMP102,Mike Smith,2024-01-24,morning,16:00,05:00,8.0,dairy
SCH002534,S007,EMP102,Mike Smith,2024-01-16,night,06:00,22:00,8.0,meat
SCH002535,S007,EMP102,Mike Smith,2024-01-12,evening,07:00,03:00,8.0,bakery
SCH002536,S007,EMP102,Mike Smith,2024-01-31,night,07:00,17:00,8.0,checkout
SCH002537,S007,EMP102,Mike Smith,2024-01-22,evening,13:00,19:00,8.0,bakery
SCH002538,S007,EMP102,Mike Smith,2024-01-22,evening,11:00,20:00,8.0,meat
SCH002539,S007,EMP102,Mike Smith,2024-01-30,night,18:00,02:00,8.0,produce
SCH002540,S007,EMP102,Mike Smith,2024-01-08,evening,21:00,20:00,8.0,produce
SCH002541,S007,EMP102,Mike Smith,2024-01-21,evening,07:00,15:00,8.0,produce
SCH002542,S007,EMP102,Mike Smith,2024-01-27,morning,13:00,15:00,8.0,stocking
SCH002543,S007,EMP102,Mike Smith,2024-01-13,night,20:00,04:00,8.0,meat
SCH002544,S007,EMP102,Mike Smith,2024-01-22,evening,15:00,21:00,8.0,bakery
SCH002545,S007,EMP102,Mike Smith,2024-01-17,evening,15:00,04:00,8.0,stocking
SCH002546,S007,EMP102,Mike Smith,2024-01-25,evening,06:00,18:00,8.0,bakery
SCH002547,S007,EMP102,Mike Smith,2024-01-06,morning,16:00,20:00,8.0,checkout
SCH002548,S007,EMP102,Mike Smith,2024-01-06,evening,18:00,04:00,8.0,stocking
SCH002549,S007,EMP102,Mike Smith,2024-01-29,morning,16:00,05:00,8.0,produce
SCH002550,S007,EMP103,David Johnson,2024-01-02,morning,22:00,01:00,8.0,dairy
SCH002551,S007,EMP103,David Johnson,2024-01-23,morning,15:00,14:00,8.0,stocking
SCH002552,S007,EMP103,David Johnson,2024-01-27,evening,12:00,21:00,8.0,dairy
SCH002553,S007,EMP103,David Johnson,2024-01-03,night,15:00,04:00,8.0,stocking
SCH002554,S007,EMP103,David Johnson,2024-01-18,morning,19:00,15:00,8.0,produce
SCH002555,S007,EMP103,David Johnson,2024-01-07,morning,19:00,23:00,8.0,dairy
SCH002556,S007,EMP103,David Johnson,2024-01-17,evening,14:00,16:00,8.0,produce
SCH002557,S007,EMP103,David Johnson,2024-01-10,morning,11:00,19:00,8.0,meat
SCH002558,S007,EMP103,David Johnson,2024-01-16,morning,10:00,01:00,8.0,bakery
SCH002559,S007,EMP103,David Johnson,2024-01-30,evening,19:00,16:00,8.0,bakery
SCH002560,S007,EMP103,David Johnson,2024-01-27,evening,20:00,14:00,8.0,stocking
SCH002561,S007,EMP103,David Johnson,2024-01-05,night,16:00,03:00,8.0,bakery
SCH002562,S007,EMP103,David Johnson,2024-01-23,evening,15:00,16:00,8.0,stocking
SCH002563,S007,EMP103,David Johnson,2024-01-28,night,06:00,17:00,8.0,stocking
SCH002564,S007,EMP103,David Johnson,2024-01-19,night,17:00,18:00,8.0,bakery
SCH002565,S007,EMP103,David Johnson,2024-01-31,night,08:00,16:00,8.0,dairy
SCH002566,S007,EMP103,David Johnson,2024-01-21,night,17:00,20:00,8.0,dairy
SCH002567,S007,EMP103,David Johnson,2024-01-25,evening,06:00,15:00,8.0,dairy
SCH002568,S007,EMP103,David Johnson,2024-01-18,morning,17:00,06:00,8.0,meat
SCH002569,S007,EMP103,David Johnson,2024-01-14,night,13:00,17:00,8.0,dairy
SCH002570,S007,EMP103,David Johnson,2024-01-01,night,07:00,21:00,8.0,dairy
SCH002571,S007,EMP103,David Johnson,2024-01-17,evening,12:00,15:00,8.0,produce
SCH002572,S007,EMP103,David Johnson,2024-01-06,morning,09:00,05:00,8.0,dairy
SCH002573,S007,EMP104,Jane Smith,2024-01-01,evening,08:00,19:00,8.0,meat
SCH002574,S007,EMP104,Jane Smith,2024-01-17,morning,20:00,01:00,8.0,bakery
SCH002575,S007,EMP104,Jane Smith,2024-01-19,morning,08:00,18:00,8.0,meat
SCH002576,S007,EMP104,Jane Smith,2024-01-06,night,13:00,06:00,8.0,checkout
SCH002577,S007,EMP104,Jane Smith,2024-01-03,evening,06:00,20:00,8.0,stocking
SCH002578,S007,EMP104,Jane Smith,2024-01-24,night,09:00,06:00,8.0,checkout
SCH002579,S007,EMP104,Jane Smith,2024-01-07,night,10:00,16:00,8.0,meat
SCH002580,S007,EMP104,Jane Smith,2024-01-27,night,09:00,06:00,8.0,produce
SCH002581,S007,EMP104,Jane Smith,2024-01-22,morning,14:00,18:00,8.0,dairy
SCH002582,S007,EMP104,Jane Smith,2024-01-27,night,11:00,21:00,8.0,dairy
SCH002583,S007,EMP104,Jane Smith,2024-01-17,morning,15:00,05:00,8.0,meat
SCH002584,S007,EMP104,Jane Smith,2024-01-15,night,17:00,01:00,8.0,meat
SCH002585,S007,EMP104,Jane Smith,2024-01-02,evening,06:00,21:00,8.0,bakery
SCH002586,S007,EMP104,Jane Smith,2024-01-07,morning,13:00,22:00,8.0,bakery
SCH002587,S007,EMP104,Jane Smith,2024-01-09,night,09:00,15:00,8.0,stocking
SCH002588,S007,EMP104,Jane Smith,2024-01-18,evening,22:00,03:00,8.0,dairy
SCH002589,S007,EMP104,Jane Smith,2024-01-02,night,12:00,06:00,8.0,bakery
SCH002590,S007,EMP104,Jane Smith,2024-01-08,night,14:00,15:00,8.0,dairy
SCH002591,S007,EMP104,Jane Smith,2024-01-29,night,21:00,23:00,8.0,meat
SCH002592,S007,EMP104,Jane Smith,2024-01-28,morning,08:00,15:00,8.0,produce
SCH002593,S007,EMP105,Jane Smith,2024-01-11,evening,15:00,14:00,8.0,meat
SCH002594,S007,EMP105,Jane Smith,2024-01-09,evening,10:00,16:00,8.0,stocking
SCH002595,S007,EMP105,Jane Smith,2024-01-21,evening,07:00,14:00,8.0,checkout
SCH002596,S007,EMP105,Jane Smith,2024-01-22,night,08:00,17:00,8.0,bakery
SCH002597,S007,EMP105,Jane Smith,2024-01-23,evening,16:00,20:00,8.0,checkout
SCH002598,S007,EMP105,Jane Smith,2024-01-20,evening,16:00,01:00,8.0,dairy
SCH002599,S007,EMP105,Jane Smith,2024-01-10,morning,10:00,23:00,8.0,bakery
SCH002600,S007,EMP105,Jane Smith,2024-01-13,night,22:00,23:00,8.0,stocking
SCH002601,S007,EMP105,Jane Smith,2024-01-22,morning,06:00,17:00,8.0,produce
SCH002602,S007,EMP105,Jane Smith,2024-01-10,night,07:00,21:00,8.0,checkout
SCH002603,S007,EMP105,Jane Smith,2024-01-05,morning,20:00,21:00,8.0,stocking
SCH002604,S007,EMP105,Jane Smith,2024-01-29,morning,16:00,03:00,8.0,stocking
SCH002605,S007,EMP105,Jane Smith,2024-01-18,night,17:00,14:00,8.0,dairy
SCH002606,S007,EMP105,Jane Smith,2024-01-06,evening,16:00,22:00,8.0,checkout
SCH002607,S007,EMP105,Jane Smith,2024-01-16,night,08:00,00:00,8.0,bakery
SCH002608,S007,EMP105,Jane Smith,2024-01-18,night,07:00,04:00,8.0,meat
SCH002609,S007,EMP105,Jane Smith,2024-01-07,night,21:00,15:00,8.0,checkout
SCH002610,S007,EMP105,Jane Smith,2024-01-15,evening,19:00,20:00,8.0,checkout
SCH002611,S007,EMP105,Jane Smith,2024-01-29,morning,08:00,16:00,8.0,produce
SCH002612,S007,EMP105,Jane Smith,2024-01-28,night,09:00,06:00,8.0,stocking
SCH002613,S007,EMP105,Jane Smith,2024-01-20,morning,22:00,05:00,8.0,checkout
SCH002614,S007,EMP105,Jane Smith,2024-01-19,night,19:00,21:00,8.0,produce
SCH002615,S007,EMP105,Jane Smith,2024-01-08,morning,18:00,23:00,8.0,produce
SCH002616,S007,EMP105,Jane Smith,2024-01-21,morning,18:00,01:00,8.0,bakery
SCH002617,S007,EMP105,Jane Smith,2024-01-01,night,21:00,18:00,8.0,dairy
SCH002618,S007,EMP105,Jane Smith,2024-01-04,night,20:00,18:00,8.0,bakery
SCH002619,S007,EMP105,Jane Smith,2024-01-03,morning,19:00,00:00,8.0,dairy
SCH002620,S007,EMP105,Jane Smith,2024-01-25,morning,09:00,16:00,8.0,checkout
SCH002621,S008,EMP106,Mike Smith,2024-01-05,night,09:00,06:00,8.0,bakery
SCH002622,S008,EMP106,Mike Smith,2024-01-15,night,15:00,02:00,8.0,meat
SCH002623,S008,EMP106,Mike Smith,2024-01-04,evening,18:00,17:00,8.0,meat
SCH002624,S008,EMP106,Mike Smith,2024-01-16,morning,06:00,20:00,8.0,bakery
SCH002625,S008,EMP106,Mike Smith,2024-01-26,morning,06:00,19:00,8.0,meat
SCH002626,S008,EMP106,Mike Smith,2024-01-28,evening,09:00,04:00,8.0,stocking
SCH002627,S008,EMP106,Mike Smith,2024-01-06,night,06:00,20:00,8.0,checkout
SCH002628,S008,EMP106,Mike Smith,2024-01-14,morning,18:00,00:00,8.0,dairy
SCH002629,S008,EMP106,Mike Smith,2024-01-04,morning,10:00,18:00,8.0,dairy
SCH002630,S008,EMP106,Mike Smith,2024-01-08,morning,15:00,20:00,8.0,dairy
SCH002631,S008,EMP106,Mike Smith,2024-01-18,night,16:00,16:00,8.0,bakery
SCH002632,S008,EMP106,Mike Smith,2024-01-24,evening,12:00,20:00,8.0,bakery
SCH002633,S008,EMP106,Mike Smith,2024-01-19,morning,19:00,00:00,8.0,produce
SCH002634,S008,EMP106,Mike Smith,2024-01-28,morning,08:00,17:00,8.0,produce
SCH002635,S008,EMP106,Mike Smith,2024-01-15,morning,18:00,01:00,8.0,produce
SCH002636,S008,EMP106,Mike Smith,2024-01-29,evening,08:00,01:00,8.0,checkout
SCH002637,S008,EMP106,Mike Smith,2024-01-07,morning,11:00,18:00,8.0,dairy
SCH002638,S008,EMP106,Mike Smith,2024-01-05,evening,06:00,03:00,8.0,dairy
SCH002639,S008,EMP106,Mike Smith,2024-01-10,night,18:00,20:00,8.0,meat
SCH002640,S008,EMP106,Mike Smith,2024-01-17,morning,18:00,15:00,8.0,meat
SCH002641,S008,EMP106,Mike Smith,2024-01-30,night,08:00,01:00,8.0,produce
SCH002642,S008,EMP106,Mike Smith,2024-01-19,night,12:00,05:00,8.0,dairy
SCH002643,S008,EMP106,Mike Smith,2024-01-18,morning,16:00,01:00,8.0,bakery
SCH002644,S008,EMP106,Mike Smith,2024-01-11,morning,22:00,06:00,8.0,dairy
SCH002645,S008,EMP106,Mike Smith,2024-01-20,morning,20:00,04:00,8.0,produce
SCH002646,S008,EMP106,Mike Smith,2024-01-26,morning,13:00,17:00,8.0,stocking
SCH002647,S008,EMP106,Mike Smith,2024-01-27,night,22:00,16:00,8.0,bakery
SCH002648,S008,EMP106,Mike Smith,2024-01-17,evening,22:00,02:00,8.0,stocking
SCH002649,S008,EMP106,Mike Smith,2024-01-28,evening,09:00,06:00,8.0,dairy
SCH002650,S008,EMP106,Mike Smith,2024-01-09,night,15:00,17:00,8.0,stocking
SCH002651,S008,EMP107,Lisa Wilson,2024-01-22,night,07:00,20:00,8.0,bakery
SCH002652,S008,EMP107,Lisa Wilson,2024-01-08,morning,22:00,05:00,8.0,checkout
SCH002653,S008,EMP107,Lisa Wilson,2024-01-18,night,14:00,20:00,8.0,produce
SCH002654,S008,EMP107,Lisa Wilson,2024-01-05,morning,18:00,17:00,8.0,meat
SCH002655,S008,EMP107,Lisa Wilson,2024-01-24,morning,19:00,14:00,8.0,bakery
SCH002656,S008,EMP107,Lisa Wilson,2024-01-13,morning,21:00,23:00,8.0,checkout
SCH002657,S008,EMP107,Lisa Wilson,2024-01-10,evening,10:00,20:00,8.0,meat
SCH002658,S008,EMP107,Lisa Wilson,2024-01-20,night,15:00,16:00,8.0,produce
SCH002659,S008,EMP107,Lisa Wilson,2024-01-08,evening,19:00,05:00,8.0,dairy
SCH002660,S008,EMP107,Lisa Wilson,2024-01-11,evening,20:00,14:00,8.0,bakery
SCH002661,S008,EMP107,Lisa Wilson,2024-01-01,evening,17:00,17:00,8.0,dairy
SCH002662,S008,EMP107,Lisa Wilson,2024-01-20,night,12:00,16:00,8.0,stocking
SCH002663,S008,EMP107,Lisa Wilson,2024-01-08,evening,07:00,01:00,8.0,stocking
SCH002664,S008,EMP107,Lisa Wilson,2024-01-30,evening,21:00,16:00,8.0,produce
SCH002665,S008,EMP107,Lisa Wilson,2024-01-25,evening,12:00,16:00,8.0,produce
SCH002666,S008,EMP107,Lisa Wilson,2024-01-24,night,22:00,17:00,8.0,stocking
SCH002667,S008,EMP107,Lisa Wilson,2024-01-11,morning,19:00,20:00,8.0,stocking
SCH002668,S008,EMP107,Lisa Wilson,2024-01-20,morning,19:00,01:00,8.0,dairy
SCH002669,S008,EMP107,Lisa Wilson,2024-01-19,night,20:00,15:00,8.0,meat
SCH002670,S008,EMP107,Lisa Wilson,2024-01-17,evening,18:00,01:00,8.0,stocking
SCH002671,S008,EMP107,Lisa Wilson,2024-01-05,night,19:00,19:00,8.0,checkout
SCH002672,S008,EMP107,Lisa Wilson,2024-01-17,evening,08:00,00:00,8.0,meat
SCH002673,S008,EMP107,Lisa Wilson,2024-01-13,morning,22:00,19:00,8.0,checkout
SCH002674,S008,EMP107,Lisa Wilson,2024-01-02,evening,21:00,02:00,8.0,meat
SCH002675,S008,EMP107,Lisa Wilson,2024-01-29,night,20:00,15:00,8.0,meat
SCH002676,S008,EMP107,Lisa Wilson,2024-01-19,morning,08:00,23:00,8.0,produce
SCH002677,S008,EMP107,Lisa Wilson,2024-01-13,morning,06:00,15:00,8.0,produce
SCH002678,S008,EMP108,John Smith,2024-01-30,evening,06:00,04:00,8.0,produce
SCH002679,S008,EMP108,John Smith,2024-01-02,morning,14:00,21:00,8.0,stocking
SCH002680,S008,EMP108,John Smith,2024-01-30,evening,12:00,16:00,8.0,produce
SCH002681,S008,EMP108,John Smith,2024-01-05,evening,09:00,20:00,8.0,produce
SCH002682,S008,EMP108,John Smith,2024-01-01,evening,19:00,05:00,8.0,dairy
SCH002683,S008,EMP108,John Smith,2024-01-08,morning,17:00,18:00,8.0,dairy
SCH002684,S008,EMP108,John Smith,2024-01-29,morning,19:00,02:00,8.0,produce
SCH002685,S008,EMP108,John Smith,2024-01-21,evening,16:00,05:00,8.0,dairy
SCH002686,S008,EMP108,John Smith,2024-01-04,evening,21:00,02:00,8.0,stocking
SCH002687,S008,EMP108,John Smith,2024-01-06,evening,15:00,18:00,8.0,meat
SCH002688,S008,EMP108,John Smith,2024-01-23,night,20:00,15:00,8.0,produce
SCH002689,S008,EMP108,John Smith,2024-01-13,evening,08:00,21:00,8.0,meat
SCH002690,S008,EMP108,John Smith,2024-01-07,night,09:00,23:00,8.0,meat
SCH002691,S008,EMP108,John Smith,2024-01-30,morning,07:00,02:00,8.0,dairy
SCH002692,S008,EMP108,John Smith,2024-01-17,night,14:00,03:00,8.0,bakery
SCH002693,S008,EMP108,John Smith,2024-01-10,morning,18:00,05:00,8.0,produce
SCH002694,S008,EMP108,John Smith,2024-01-31,evening,12:00,16:00,8.0,meat
SCH002695,S008,EMP108,John Smith,2024-01-16,morning,11:00,23:00,8.0,meat
SCH002696,S008,EMP108,John Smith,2024-01-20,evening,20:00,04:00,8.0,checkout
SCH002697,S008,EMP108,John Smith,2024-01-29,morning,08:00,03:00,8.0,checkout
SCH002698,S008,EMP108,John Smith,2024-01-14,evening,11:00,03:00,8.0,stocking
SCH002699,S008,EMP108,John Smith,2024-01-01,night,06:00,17:00,8.0,meat
SCH002700,S008,EMP108,John Smith,2024-01-18,evening,18:00,22:00,8.0,produce
SCH002701,S008,EMP108,John Smith,2024-01-05,morning,12:00,17:00,8.0,stocking
SCH002702,S008,EMP108,John Smith,2024-01-24,morning,14:00,23:00,8.0,meat
SCH002703,S008,EMP108,John Smith,2024-01-22,night,17:00,04:00,8.0,produce
SCH002704,S008,EMP108,John Smith,2024-01-30,morning,09:00,14:00,8.0,produce
SCH002705,S008,EMP109,Lisa Wilson,2024-01-18,morning,12:00,03:00,8.0,dairy
SCH002706,S008,EMP109,Lisa Wilson,2024-01-15,evening,18:00,06:00,8.0,produce
SCH002707,S008,EMP109,Lisa Wilson,2024-01-16,night,14:00,23:00,8.0,stocking
SCH002708,S008,EMP109,Lisa Wilson,2024-01-16,evening,19:00,23:00,8.0,meat
SCH002709,S008,EMP109,Lisa Wilson,2024-01-29,night,09:00,14:00,8.0,stocking
SCH002710,S008,EMP109,Lisa Wilson,2024-01-13,morning,15:00,20:00,8.0,meat
SCH002711,S008,EMP109,Lisa Wilson,2024-01-11,night,09:00,18:00,8.0,produce
SCH002712,S008,EMP109,Lisa Wilson,2024-01-18,morning,18:00,15:00,8.0,produce
SCH002713,S008,EMP109,Lisa Wilson,2024-01-14,evening,14:00,03:00,8.0,bakery
SCH002714,S008,EMP109,Lisa Wilson,2024-01-15,night,07:00,23:00,8.0,checkout
SCH002715,S008,EMP109,Lisa Wilson,2024-01-21,night,16:00,00:00,8.0,checkout
SCH002716,S008,EMP109,Lisa Wilson,2024-01-24,evening,21:00,15:00,8.0,stocking
SCH002717,S008,EMP109,Lisa Wilson,2024-01-31,night,20:00,22:00,8.0,meat
SCH002718,S008,EMP109,Lisa Wilson,2024-01-08,evening,06:00,14:00,8.0,bakery
SCH002719,S008,EMP109,Lisa Wilson,2024-01-05,night,10:00,16:00,8.0,bakery
SCH002720,S008,EMP109,Lisa Wilson,2024-01-15,evening,17:00,15:00,8.0,checkout
SCH002721,S008,EMP109,Lisa Wilson,2024-01-15,night,13:00,20:00,8.0,produce
SCH002722,S008,EMP109,Lisa Wilson,2024-01-01,evening,12:00,04:00,8.0,produce
SCH002723,S008,EMP109,Lisa Wilson,2024-01-22,night,11:00,15:00,8.0,stocking
SCH002724,S008,EMP109,Lisa Wilson,2024-01-27,evening,07:00,19:00,8.0,bakery
SCH002725,S008,EMP109,Lisa Wilson,2024-01-23,morning,21:00,16:00,8.0,stocking
SCH002726,S008,EMP109,Lisa Wilson,2024-01-20,evening,12:00,02:00,8.0,bakery
SCH002727,S008,EMP109,Lisa Wilson,2024-01-01,night,19:00,20:00,8.0,meat
SCH002728,S008,EMP110,Lisa Brown,2024-01-31,evening,10:00,16:00,8.0,produce
SCH002729,S008,EMP110,Lisa Brown,2024-01-01,morning,14:00,22:00,8.0,dairy
SCH002730,S008,EMP110,Lisa Brown,2024-01-08,morning,19:00,18:00,8.0,checkout
SCH002731,S008,EMP110,Lisa Brown,2024-01-12,morning,15:00,01:00,8.0,meat
SCH002732,S008,EMP110,Lisa Brown,2024-01-14,morning,17:00,04:00,8.0,produce
SCH002733,S008,EMP110,Lisa Brown,2024-01-13,morning,12:00,18:00,8.0,dairy
SCH002734,S008,EMP110,Lisa Brown,2024-01-27,morning,08:00,20:00,8.0,stocking
SCH002735,S008,EMP110,Lisa Brown,2024-01-21,night,14:00,16:00,8.0,checkout
SCH002736,S008,EMP110,Lisa Brown,2024-01-08,evening,15:00,15:00,8.0,meat
SCH002737,S008,EMP110,Lisa Brown,2024-01-20,evening,17:00,15:00,8.0,meat
SCH002738,S008,EMP110,Lisa Brown,2024-01-18,morning,19:00,21:00,8.0,dairy
SCH002739,S008,EMP110,Lisa Brown,2024-01-31,night,08:00,18:00,8.0,meat
SCH002740,S008,EMP110,Lisa Brown,2024-01-30,night,17:00,20:00,8.0,checkout
SCH002741,S008,EMP110,Lisa Brown,2024-01-24,morning,22:00,15:00,8.0,dairy
SCH002742,S008,EMP110,Lisa Brown,2024-01-31,night,16:00,06:00,8.0,dairy
SCH002743,S008,EMP110,Lisa Brown,2024-01-25,morning,12:00,06:00,8.0,dairy
SCH002744,S008,EMP110,Lisa Brown,2024-01-28,evening,11:00,02:00,8.0,bakery
SCH002745,S008,EMP110,Lisa Brown,2024-01-06,morning,14:00,21:00,8.0,stocking
SCH002746,S008,EMP110,Lisa Brown,2024-01-09,evening,08:00,03:00,8.0,checkout
SCH002747,S008,EMP110,Lisa Brown,2024-01-26,evening,16:00,23:00,8.0,dairy
SCH002748,S008,EMP110,Lisa Brown,2024-01-21,morning,08:00,17:00,8.0,stocking
SCH002749,S008,EMP110,Lisa Brown,2024-01-15,night,17:00,16:00,8.0,produce
SCH002750,S008,EMP110,Lisa Brown,2024-01-21,evening,07:00,06:00,8.0,dairy
SCH002751,S008,EMP110,Lisa Brown,2024-01-14,night,06:00,22:00,8.0,produce
SCH002752,S008,EMP110,Lisa Brown,2024-01-01,morning,20:00,04:00,8.0,meat
SCH002753,S008,EMP110,Lisa Brown,2024-01-06,morning,11:00,17:00,8.0,dairy
SCH002754,S008,EMP110,Lisa Brown,2024-01-08,night,10:00,06:00,8.0,checkout
SCH002755,S008,EMP110,Lisa Brown,2024-01-09,morning,18:00,02:00,8.0,meat
SCH002756,S008,EMP110,Lisa Brown,2024-01-29,night,06:00,00:00,8.0,checkout
SCH002757,S008,EMP110,Lisa Brown,2024-01-23,evening,12:00,15:00,8.0,bakery
SCH002758,S008,EMP111,Lisa Wilson,2024-01-06,evening,09:00,05:00,8.0,meat
SCH002759,S008,EMP111,Lisa Wilson,2024-01-05,morning,09:00,14:00,8.0,meat
SCH002760,S008,EMP111,Lisa Wilson,2024-01-08,morning,07:00,06:00,8.0,meat
SCH002761,S008,EMP111,Lisa Wilson,2024-01-25,morning,13:00,18:00,8.0,meat
SCH002762,S008,EMP111,Lisa Wilson,2024-01-03,evening,21:00,19:00,8.0,meat
SCH002763,S008,EMP111,Lisa Wilson,2024-01-12,evening,11:00,21:00,8.0,stocking
SCH002764,S008,EMP111,Lisa Wilson,2024-01-16,evening,14:00,19:00,8.0,bakery
SCH002765,S008,EMP111,Lisa Wilson,2024-01-23,night,10:00,03:00,8.0,meat
SCH002766,S008,EMP111,Lisa Wilson,2024-01-21,night,13:00,17:00,8.0,bakery
SCH002767,S008,EMP111,Lisa Wilson,2024-01-20,evening,09:00,06:00,8.0,meat
SCH002768,S008,EMP111,Lisa Wilson,2024-01-29,night,21:00,18:00,8.0,meat
SCH002769,S008,EMP111,Lisa Wilson,2024-01-06,evening,14:00,05:00,8.0,produce
SCH002770,S008,EMP111,Lisa Wilson,2024-01-05,morning,22:00,15:00,8.0,produce
SCH002771,S008,EMP111,Lisa Wilson,2024-01-13,night,19:00,01:00,8.0,bakery
SCH002772,S008,EMP111,Lisa Wilson,2024-01-07,evening,06:00,03:00,8.0,stocking
SCH002773,S008,EMP111,Lisa Wilson,2024-01-12,morning,10:00,20:00,8.0,checkout
SCH002774,S008,EMP111,Lisa Wilson,2024-01-23,morning,19:00,06:00,8.0,bakery
SCH002775,S008,EMP111,Lisa Wilson,2024-01-15,night,10:00,01:00,8.0,meat
SCH002776,S008,EMP111,Lisa Wilson,2024-01-08,evening,07:00,04:00,8.0,bakery
SCH002777,S008,EMP111,Lisa Wilson,2024-01-30,evening,13:00,01:00,8.0,dairy
SCH002778,S008,EMP111,Lisa Wilson,2024-01-08,night,19:00,00:00,8.0,checkout
SCH002779,S008,EMP111,Lisa Wilson,2024-01-09,evening,08:00,20:00,8.0,produce
SCH002780,S008,EMP111,Lisa Wilson,2024-01-08,evening,11:00,05:00,8.0,produce
SCH002781,S008,EMP111,Lisa Wilson,2024-01-03,night,09:00,22:00,8.0,bakery
SCH002782,S008,EMP111,Lisa Wilson,2024-01-20,morning,19:00,20:00,8.0,dairy
SCH002783,S008,EMP111,Lisa Wilson,2024-01-08,night,21:00,14:00,8.0,meat
SCH002784,S008,EMP111,Lisa Wilson,2024-01-27,evening,20:00,20:00,8.0,dairy
SCH002785,S008,EMP111,Lisa Wilson,2024-01-27,evening,07:00,18:00,8.0,produce
SCH002786,S008,EMP111,Lisa Wilson,2024-01-24,evening,22:00,03:00,8.0,produce
SCH002787,S008,EMP111,Lisa Wilson,2024-01-21,night,12:00,05:00,8.0,dairy
SCH002788,S008,EMP112,Mike Johnson,2024-01-26,morning,22:00,05:00,8.0,produce
SCH002789,S008,EMP112,Mike Johnson,2024-01-05,evening,13:00,15:00,8.0,checkout
SCH002790,S008,EMP112,Mike Johnson,2024-01-30,morning,07:00,06:00,8.0,checkout
SCH002791,S008,EMP112,Mike Johnson,2024-01-02,morning,22:00,00:00,8.0,stocking
SCH002792,S008,EMP112,Mike Johnson,2024-01-05,morning,17:00,23:00,8.0,checkout
SCH002793,S008,EMP112,Mike Johnson,2024-01-31,morning,22:00,02:00,8.0,dairy
SCH002794,S008,EMP112,Mike Johnson,2024-01-21,morning,18:00,02:00,8.0,stocking
SCH002795,S008,EMP112,Mike Johnson,2024-01-22,night,20:00,14:00,8.0,checkout
SCH002796,S008,EMP112,Mike Johnson,2024-01-30,night,17:00,04:00,8.0,bakery
SCH002797,S008,EMP112,Mike Johnson,2024-01-25,evening,19:00,17:00,8.0,stocking
SCH002798,S008,EMP112,Mike Johnson,2024-01-18,evening,17:00,16:00,8.0,produce
SCH002799,S008,EMP112,Mike Johnson,2024-01-22,evening,17:00,21:00,8.0,meat
SCH002800,S008,EMP112,Mike Johnson,2024-01-17,night,06:00,06:00,8.0,stocking
SCH002801,S008,EMP112,Mike Johnson,2024-01-30,night,12:00,16:00,8.0,stocking
SCH002802,S008,EMP112,Mike Johnson,2024-01-27,morning,06:00,18:00,8.0,bakery
SCH002803,S008,EMP112,Mike Johnson,2024-01-13,evening,16:00,15:00,8.0,produce
SCH002804,S008,EMP112,Mike Johnson,2024-01-16,night,08:00,17:00,8.0,meat
SCH002805,S008,EMP112,Mike Johnson,2024-01-08,evening,15:00,17:00,8.0,meat
SCH002806,S008,EMP112,Mike Johnson,2024-01-11,morning,15:00,05:00,8.0,stocking
SCH002807,S008,EMP112,Mike Johnson,2024-01-07,morning,09:00,19:00,8.0,dairy
SCH002808,S008,EMP112,Mike Johnson,2024-01-11,morning,10:00,21:00,8.0,stocking
SCH002809,S008,EMP112,Mike Johnson,2024-01-13,evening,17:00,23:00,8.0,produce
SCH002810,S008,EMP113,Jane Johnson,2024-01-30,night,12:00,05:00,8.0,checkout
SCH002811,S008,EMP113,Jane Johnson,2024-01-05,night,08:00,15:00,8.0,stocking
SCH002812,S008,EMP113,Jane Johnson,2024-01-18,morning,14:00,06:00,8.0,stocking
SCH002813,S008,EMP113,Jane Johnson,2024-01-26,evening,22:00,05:00,8.0,dairy
SCH002814,S008,EMP113,Jane Johnson,2024-01-01,night,16:00,04:00,8.0,bakery
SCH002815,S008,EMP113,Jane Johnson,2024-01-22,night,12:00,16:00,8.0,bakery
SCH002816,S008,EMP113,Jane Johnson,2024-01-20,night,12:00,02:00,8.0,stocking
SCH002817,S008,EMP113,Jane Johnson,2024-01-15,evening,13:00,21:00,8.0,stocking
SCH002818,S008,EMP113,Jane Johnson,2024-01-28,morning,10:00,05:00,8.0,produce
SCH002819,S008,EMP113,Jane Johnson,2024-01-19,evening,17:00,04:00,8.0,bakery
SCH002820,S008,EMP113,Jane Johnson,2024-01-17,evening,16:00,06:00,8.0,produce
SCH002821,S008,EMP113,Jane Johnson,2024-01-20,evening,17:00,02:00,8.0,meat
SCH002822,S008,EMP113,Jane Johnson,2024-01-31,morning,07:00,19:00,8.0,dairy
SCH002823,S008,EMP113,Jane Johnson,2024-01-14,morning,22:00,02:00,8.0,bakery
SCH002824,S008,EMP113,Jane Johnson,2024-01-02,night,09:00,01:00,8.0,bakery
SCH002825,S008,EMP113,Jane Johnson,2024-01-25,morning,07:00,15:00,8.0,produce
SCH002826,S008,EMP113,Jane Johnson,2024-01-23,night,22:00,22:00,8.0,produce
SCH002827,S008,EMP113,Jane Johnson,2024-01-17,morning,21:00,00:00,8.0,dairy
SCH002828,S008,EMP113,Jane Johnson,2024-01-27,morning,07:00,17:00,8.0,stocking
SCH002829,S008,EMP113,Jane Johnson,2024-01-17,night,19:00,06:00,8.0,meat
SCH002830,S008,EMP113,Jane Johnson,2024-01-14,morning,10:00,00:00,8.0,checkout
SCH002831,S008,EMP113,Jane Johnson,2024-01-19,morning,17:00,18:00,8.0,bakery
SCH002832,S008,EMP113,Jane Johnson,2024-01-18,morning,09:00,20:00,8.0,produce
SCH002833,S008,EMP113,Jane Johnson,2024-01-15,night,13:00,22:00,8.0,stocking
SCH002834,S008,EMP113,Jane Johnson,2024-01-12,evening,19:00,23:00,8.0,meat
SCH002835,S008,EMP113,Jane Johnson,2024-01-31,morning,11:00,17:00,8.0,meat
SCH002836,S008,EMP113,Jane Johnson,2024-01-10,morning,10:00,21:00,8.0,bakery
SCH002837,S008,EMP113,Jane Johnson,2024-01-17,night,17:00,23:00,8.0,stocking
SCH002838,S008,EMP113,Jane Johnson,2024-01-28,evening,19:00,22:00,8.0,meat
SCH002839,S008,EMP113,Jane Johnson,2024-01-28,morning,09:00,01:00,8.0,checkout
SCH002840,S008,EMP114,John Wilson,2024-01-16,night,22:00,21:00,8.0,produce
SCH002841,S008,EMP114,John Wilson,2024-01-29,night,06:00,06:00,8.0,produce
SCH002842,S008,EMP114,John Wilson,2024-01-27,morning,19:00,20:00,8.0,stocking
SCH002843,S008,EMP114,John Wilson,2024-01-04,night,19:00,14:00,8.0,meat
SCH002844,S008,EMP114,John Wilson,2024-01-06,morning,18:00,06:00,8.0,meat
SCH002845,S008,EMP114,John Wilson,2024-01-24,evening,13:00,22:00,8.0,checkout
SCH002846,S008,EMP114,John Wilson,2024-01-05,night,20:00,03:00,8.0,produce
SCH002847,S008,EMP114,John Wilson,2024-01-29,morning,20:00,06:00,8.0,dairy
SCH002848,S008,EMP114,John Wilson,2024-01-25,night,14:00,06:00,8.0,dairy
SCH002849,S008,EMP114,John Wilson,2024-01-09,night,09:00,00:00,8.0,bakery
SCH002850,S008,EMP114,John Wilson,2024-01-28,morning,16:00,22:00,8.0,meat
SCH002851,S008,EMP114,John Wilson,2024-01-10,morning,11:00,23:00,8.0,meat
SCH002852,S008,EMP114,John Wilson,2024-01-22,night,22:00,06:00,8.0,meat
SCH002853,S008,EMP114,John Wilson,2024-01-09,morning,10:00,20:00,8.0,checkout
SCH002854,S008,EMP114,John Wilson,2024-01-04,morning,12:00,06:00,8.0,checkout
SCH002855,S008,EMP114,John Wilson,2024-01-29,night,15:00,00:00,8.0,meat
SCH002856,S008,EMP114,John Wilson,2024-01-08,evening,19:00,04:00,8.0,dairy
SCH002857,S008,EMP114,John Wilson,2024-01-08,evening,18:00,01:00,8.0,checkout
SCH002858,S008,EMP114,John Wilson,2024-01-05,evening,20:00,23:00,8.0,checkout
SCH002859,S008,EMP114,John Wilson,2024-01-08,night,16:00,01:00,8.0,checkout
SCH002860,S008,EMP114,John Wilson,2024-01-25,morning,15:00,17:00,8.0,dairy
SCH002861,S008,EMP114,John Wilson,2024-01-02,night,16:00,03:00,8.0,bakery
SCH002862,S008,EMP114,John Wilson,2024-01-10,evening,17:00,17:00,8.0,meat
SCH002863,S008,EMP115,Mike Smith,2024-01-22,night,08:00,01:00,8.0,dairy
SCH002864,S008,EMP115,Mike Smith,2024-01-08,evening,07:00,03:00,8.0,stocking
SCH002865,S008,EMP115,Mike Smith,2024-01-31,morning,18:00,18:00,8.0,checkout
SCH002866,S008,EMP115,Mike Smith,2024-01-29,evening,12:00,18:00,8.0,meat
SCH002867,S008,EMP115,Mike Smith,2024-01-23,evening,19:00,03:00,8.0,checkout
SCH002868,S008,EMP115,Mike Smith,2024-01-19,evening,15:00,21:00,8.0,dairy
SCH002869,S008,EMP115,Mike Smith,2024-01-13,evening,19:00,03:00,8.0,bakery
SCH002870,S008,EMP115,Mike Smith,2024-01-12,morning,19:00,05:00,8.0,stocking
SCH002871,S008,EMP115,Mike Smith,2024-01-09,morning,19:00,21:00,8.0,checkout
SCH002872,S008,EMP115,Mike Smith,2024-01-23,morning,11:00,22:00,8.0,bakery
SCH002873,S008,EMP115,Mike Smith,2024-01-14,night,20:00,06:00,8.0,checkout
SCH002874,S008,EMP115,Mike Smith,2024-01-23,night,16:00,05:00,8.0,dairy
SCH002875,S008,EMP115,Mike Smith,2024-01-01,night,20:00,01:00,8.0,bakery
SCH002876,S008,EMP115,Mike Smith,2024-01-27,night,19:00,02:00,8.0,bakery
SCH002877,S008,EMP115,Mike Smith,2024-01-18,evening,22:00,23:00,8.0,produce
SCH002878,S008,EMP115,Mike Smith,2024-01-28,evening,14:00,17:00,8.0,stocking
SCH002879,S008,EMP115,Mike Smith,2024-01-07,morning,20:00,00:00,8.0,bakery
SCH002880,S008,EMP115,Mike Smith,2024-01-30,morning,09:00,04:00,8.0,dairy
SCH002881,S008,EMP115,Mike Smith,2024-01-15,night,15:00,15:00,8.0,stocking
SCH002882,S008,EMP115,Mike Smith,2024-01-25,morning,21:00,02:00,8.0,bakery
SCH002883,S008,EMP115,Mike Smith,2024-01-12,night,17:00,19:00,8.0,checkout
SCH002884,S008,EMP115,Mike Smith,2024-01-31,evening,18:00,01:00,8.0,stocking
SCH002885,S008,EMP115,Mike Smith,2024-01-10,morning,07:00,00:00,8.0,stocking
SCH002886,S008,EMP115,Mike Smith,2024-01-27,evening,12:00,01:00,8.0,dairy
SCH002887,S008,EMP115,Mike Smith,2024-01-17,night,11:00,05:00,8.0,bakery
SCH002888,S008,EMP115,Mike Smith,2024-01-05,morning,17:00,04:00,8.0,stocking
SCH002889,S008,EMP115,Mike Smith,2024-01-08,night,17:00,14:00,8.0,checkout
SCH002890,S008,EMP115,Mike Smith,2024-01-04,evening,11:00,20:00,8.0,stocking
SCH002891,S008,EMP116,Mike Smith,2024-01-06,night,07:00,18:00,8.0,bakery
SCH002892,S008,EMP116,Mike Smith,2024-01-23,morning,20:00,03:00,8.0,stocking
SCH002893,S008,EMP116,Mike Smith,2024-01-10,morning,08:00,04:00,8.0,dairy
SCH002894,S008,EMP116,Mike Smith,2024-01-07,night,12:00,17:00,8.0,dairy
SCH002895,S008,EMP116,Mike Smith,2024-01-11,night,08:00,16:00,8.0,checkout
SCH002896,S008,EMP116,Mike Smith,2024-01-24,night,11:00,22:00,8.0,produce
SCH002897,S008,EMP116,Mike Smith,2024-01-09,morning,13:00,02:00,8.0,checkout
SCH002898,S008,EMP116,Mike Smith,2024-01-08,morning,10:00,21:00,8.0,meat
SCH002899,S008,EMP116,Mike Smith,2024-01-18,morning,08:00,23:00,8.0,checkout
SCH002900,S008,EMP116,Mike Smith,2024-01-30,night,11:00,23:00,8.0,meat
SCH002901,S008,EMP116,Mike Smith,2024-01-12,evening,09:00,05:00,8.0,bakery
SCH002902,S008,EMP116,Mike Smith,2024-01-06,evening,08:00,06:00,8.0,meat
SCH002903,S008,EMP116,Mike Smith,2024-01-08,morning,06:00,18:00,8.0,bakery
SCH002904,S008,EMP116,Mike Smith,2024-01-14,evening,10:00,21:00,8.0,meat
SCH002905,S008,EMP116,Mike Smith,2024-01-14,night,22:00,21:00,8.0,bakery
SCH002906,S008,EMP116,Mike Smith,2024-01-27,night,09:00,21:00,8.0,checkout
SCH002907,S008,EMP116,Mike Smith,2024-01-01,morning,06:00,16:00,8.0,meat
SCH002908,S008,EMP116,Mike Smith,2024-01-05,evening,12:00,22:00,8.0,dairy
SCH002909,S008,EMP116,Mike Smith,2024-01-23,night,17:00,18:00,8.0,stocking
SCH002910,S008,EMP116,Mike Smith,2024-01-03,evening,18:00,02:00,8.0,meat
SCH002911,S008,EMP116,Mike Smith,2024-01-18,night,21:00,02:00,8.0,checkout
SCH002912,S008,EMP116,Mike Smith,2024-01-25,evening,17:00,16:00,8.0,dairy
SCH002913,S008,EMP116,Mike Smith,2024-01-22,morning,09:00,15:00,8.0,checkout
SCH002914,S008,EMP116,Mike Smith,2024-01-08,night,06:00,02:00,8.0,meat
SCH002915,S008,EMP116,Mike Smith,2024-01-16,night,17:00,06:00,8.0,bakery
SCH002916,S008,EMP116,Mike Smith,2024-01-27,morning,16:00,04:00,8.0,stocking
SCH002917,S008,EMP116,Mike Smith,2024-01-14,evening,20:00,18:00,8.0,bakery
SCH002918,S008,EMP116,Mike Smith,2024-01-19,morning,20:00,01:00,8.0,checkout
SCH002919,S008,EMP116,Mike Smith,2024-01-10,morning,14:00,21:00,8.0,dairy
SCH002920,S008,EMP116,Mike Smith,2024-01-13,evening,20:00,16:00,8.0,dairy
SCH002921,S008,EMP117,David Wilson,2024-01-13,night,15:00,14:00,8.0,produce
SCH002922,S008,EMP117,David Wilson,2024-01-01,night,20:00,16:00,8.0,dairy
SCH002923,S008,EMP117,David Wilson,2024-01-22,night,09:00,16:00,8.0,produce
SCH002924,S008,EMP117,David Wilson,2024-01-11,evening,17:00,15:00,8.0,bakery
SCH002925,S008,EMP117,David Wilson,2024-01-21,night,12:00,02:00,8.0,bakery
SCH002926,S008,EMP117,David Wilson,2024-01-22,night,11:00,03:00,8.0,checkout
SCH002927,S008,EMP117,David Wilson,2024-01-24,morning,06:00,01:00,8.0,meat
SCH002928,S008,EMP117,David Wilson,2024-01-17,evening,15:00,03:00,8.0,checkout
SCH002929,S008,EMP117,David Wilson,2024-01-24,evening,15:00,19:00,8.0,produce
SCH002930,S008,EMP117,David Wilson,2024-01-01,evening,22:00,17:00,8.0,stocking
SCH002931,S008,EMP117,David Wilson,2024-01-19,morning,22:00,17:00,8.0,checkout
SCH002932,S008,EMP117,David Wilson,2024-01-03,evening,06:00,03:00,8.0,meat
SCH002933,S008,EMP117,David Wilson,2024-01-09,morning,15:00,05:00,8.0,dairy
SCH002934,S008,EMP117,David Wilson,2024-01-17,night,22:00,21:00,8.0,dairy
SCH002935,S008,EMP117,David Wilson,2024-01-03,morning,19:00,01:00,8.0,produce
SCH002936,S008,EMP117,David Wilson,2024-01-28,morning,18:00,06:00,8.0,produce
SCH002937,S008,EMP117,David Wilson,2024-01-22,morning,06:00,00:00,8.0,bakery
SCH002938,S008,EMP117,David Wilson,2024-01-25,night,13:00,01:00,8.0,produce
SCH002939,S008,EMP117,David Wilson,2024-01-14,night,08:00,06:00,8.0,dairy
SCH002940,S008,EMP117,David Wilson,2024-01-16,morning,09:00,01:00,8.0,bakery
SCH002941,S008,EMP117,David Wilson,2024-01-11,evening,21:00,16:00,8.0,dairy
SCH002942,S008,EMP117,David Wilson,2024-01-27,night,19:00,21:00,8.0,stocking
SCH002943,S008,EMP117,David Wilson,2024-01-15,evening,13:00,00:00,8.0,produce
SCH002944,S008,EMP117,David Wilson,2024-01-01,morning,08:00,05:00,8.0,dairy
SCH002945,S008,EMP118,Jane Wilson,2024-01-09,night,12:00,20:00,8.0,meat
SCH002946,S008,EMP118,Jane Wilson,2024-01-29,morning,09:00,06:00,8.0,dairy
SCH002947,S008,EMP118,Jane Wilson,2024-01-25,morning,11:00,03:00,8.0,stocking
SCH002948,S008,EMP118,Jane Wilson,2024-01-04,night,09:00,21:00,8.0,dairy
SCH002949,S008,EMP118,Jane Wilson,2024-01-08,night,10:00,05:00,8.0,meat
SCH002950,S008,EMP118,Jane Wilson,2024-01-10,morning,21:00,03:00,8.0,stocking
SCH002951,S008,EMP118,Jane Wilson,2024-01-24,morning,06:00,01:00,8.0,checkout
SCH002952,S008,EMP118,Jane Wilson,2024-01-04,morning,13:00,14:00,8.0,produce
SCH002953,S008,EMP118,Jane Wilson,2024-01-08,night,18:00,16:00,8.0,meat
SCH002954,S008,EMP118,Jane Wilson,2024-01-11,evening,18:00,00:00,8.0,stocking
SCH002955,S008,EMP118,Jane Wilson,2024-01-22,night,19:00,00:00,8.0,bakery
SCH002956,S008,EMP118,Jane Wilson,2024-01-17,evening,18:00,22:00,8.0,produce
SCH002957,S008,EMP118,Jane Wilson,2024-01-21,morning,17:00,03:00,8.0,meat
SCH002958,S008,EMP118,Jane Wilson,2024-01-24,night,17:00,20:00,8.0,produce
SCH002959,S008,EMP118,Jane Wilson,2024-01-03,night,06:00,22:00,8.0,dairy
SCH002960,S008,EMP118,Jane Wilson,2024-01-26,night,14:00,04:00,8.0,bakery
SCH002961,S008,EMP118,Jane Wilson,2024-01-10,morning,10:00,06:00,8.0,meat
SCH002962,S008,EMP118,Jane Wilson,2024-01-30,morning,09:00,22:00,8.0,dairy
SCH002963,S008,EMP118,Jane Wilson,2024-01-04,morning,17:00,00:00,8.0,meat
SCH002964,S008,EMP118,Jane Wilson,2024-01-30,morning,09:00,02:00,8.0,stocking
SCH002965,S008,EMP118,Jane Wilson,2024-01-17,night,12:00,00:00,8.0,dairy
SCH002966,S008,EMP118,Jane Wilson,2024-01-15,morning,08:00,17:00,8.0,checkout
SCH002967,S008,EMP118,Jane Wilson,2024-01-02,evening,22:00,15:00,8.0,produce
SCH002968,S008,EMP118,Jane Wilson,2024-01-08,night,16:00,14:00,8.0,bakery
SCH002969,S008,EMP118,Jane Wilson,2024-01-24,evening,12:00,22:00,8.0,meat
SCH002970,S008,EMP118,Jane Wilson,2024-01-17,evening,10:00,18:00,8.0,stocking
SCH002971,S008,EMP118,Jane Wilson,2024-01-05,morning,19:00,05:00,8.0,dairy
SCH002972,S008,EMP118,Jane Wilson,2024-01-29,evening,07:00,15:00,8.0,produce
SCH002973,S008,EMP118,Jane Wilson,2024-01-09,morning,09:00,15:00,8.0,checkout
SCH002974,S008,EMP118,Jane Wilson,2024-01-20,night,08:00,00:00,8.0,bakery
SCH002975,S008,EMP119,Sarah Wilson,2024-01-17,night,21:00,16:00,8.0,produce
SCH002976,S008,EMP119,Sarah Wilson,2024-01-13,night,10:00,04:00,8.0,meat
SCH002977,S008,EMP119,Sarah Wilson,2024-01-05,night,14:00,17:00,8.0,checkout
SCH002978,S008,EMP119,Sarah Wilson,2024-01-14,night,10:00,06:00,8.0,bakery
SCH002979,S008,EMP119,Sarah Wilson,2024-01-29,morning,18:00,14:00,8.0,checkout
SCH002980,S008,EMP119,Sarah Wilson,2024-01-06,evening,17:00,21:00,8.0,stocking
SCH002981,S008,EMP119,Sarah Wilson,2024-01-24,morning,06:00,23:00,8.0,produce
SCH002982,S008,EMP119,Sarah Wilson,2024-01-26,morning,10:00,17:00,8.0,bakery
SCH002983,S008,EMP119,Sarah Wilson,2024-01-02,night,16:00,03:00,8.0,stocking
SCH002984,S008,EMP119,Sarah Wilson,2024-01-26,night,12:00,21:00,8.0,meat
SCH002985,S008,EMP119,Sarah Wilson,2024-01-30,evening,11:00,14:00,8.0,produce
SCH002986,S008,EMP119,Sarah Wilson,2024-01-07,evening,20:00,23:00,8.0,checkout
SCH002987,S008,EMP119,Sarah Wilson,2024-01-26,morning,16:00,18:00,8.0,meat
SCH002988,S008,EMP119,Sarah Wilson,2024-01-12,night,17:00,00:00,8.0,dairy
SCH002989,S008,EMP119,Sarah Wilson,2024-01-27,night,10:00,06:00,8.0,meat
SCH002990,S008,EMP119,Sarah Wilson,2024-01-07,morning,21:00,17:00,8.0,produce
SCH002991,S008,EMP119,Sarah Wilson,2024-01-16,evening,08:00,00:00,8.0,produce
SCH002992,S008,EMP119,Sarah Wilson,2024-01-09,evening,10:00,04:00,8.0,stocking
SCH002993,S008,EMP119,Sarah Wilson,2024-01-22,night,19:00,00:00,8.0,stocking
SCH002994,S008,EMP119,Sarah Wilson,2024-01-27,morning,20:00,15:00,8.0,checkout
SCH002995,S008,EMP119,Sarah Wilson,2024-01-22,evening,13:00,20:00,8.0,bakery
SCH002996,S008,EMP119,Sarah Wilson,2024-01-12,night,14:00,20:00,8.0,produce
SCH002997,S008,EMP120,Lisa Brown,2024-01-05,night,22:00,01:00,8.0,dairy
SCH002998,S008,EMP120,Lisa Brown,2024-01-15,evening,22:00,04:00,8.0,checkout
SCH002999,S008,EMP120,Lisa Brown,2024-01-28,night,14:00,22:00,8.0,dairy
SCH003000,S008,EMP120,Lisa Brown,2024-01-02,night,18:00,16:00,8.0,meat
SCH003001,S008,EMP120,Lisa Brown,2024-01-20,evening,17:00,23:00,8.0,checkout
SCH003002,S008,EMP120,Lisa Brown,2024-01-31,night,07:00,14:00,8.0,meat
SCH003003,S008,EMP120,Lisa Brown,2024-01-09,morning,14:00,06:00,8.0,stocking
SCH003004,S008,EMP120,Lisa Brown,2024-01-28,evening,21:00,06:00,8.0,stocking
SCH003005,S008,EMP120,Lisa Brown,2024-01-06,morning,22:00,15:00,8.0,checkout
SCH003006,S008,EMP120,Lisa Brown,2024-01-06,night,07:00,00:00,8.0,meat
SCH003007,S008,EMP120,Lisa Brown,2024-01-23,morning,15:00,19:00,8.0,dairy
SCH003008,S008,EMP120,Lisa Brown,2024-01-13,morning,14:00,02:00,8.0,produce
SCH003009,S008,EMP120,Lisa Brown,2024-01-02,morning,18:00,23:00,8.0,produce
SCH003010,S008,EMP120,Lisa Brown,2024-01-14,night,15:00,06:00,8.0,dairy
SCH003011,S008,EMP120,Lisa Brown,2024-01-19,evening,09:00,16:00,8.0,stocking
SCH003012,S008,EMP120,Lisa Brown,2024-01-27,morning,21:00,02:00,8.0,meat
SCH003013,S008,EMP120,Lisa Brown,2024-01-10,night,18:00,20:00,8.0,bakery
SCH003014,S008,EMP120,Lisa Brown,2024-01-13,morning,16:00,18:00,8.0,stocking
SCH003015,S008,EMP120,Lisa Brown,2024-01-01,night,19:00,22:00,8.0,bakery
SCH003016,S008,EMP120,Lisa Brown,2024-01-19,evening,15:00,19:00,8.0,stocking
SCH003017,S008,EMP120,Lisa Brown,2024-01-09,evening,11:00,21:00,8.0,checkout
SCH003018,S008,EMP120,Lisa Brown,2024-01-14,night,16:00,00:00,8.0,meat
SCH003019,S008,EMP120,Lisa Brown,2024-01-09,morning,09:00,15:00,8.0,dairy
SCH003020,S008,EMP120,Lisa Brown,2024-01-04,evening,20:00,19:00,8.0,produce
SCH003021,S008,EMP120,Lisa Brown,2024-01-04,night,08:00,18:00,8.0,bakery
SCH003022,S008,EMP120,Lisa Brown,2024-01-02,night,16:00,03:00,8.0,dairy
SCH003023,S008,EMP120,Lisa Brown,2024-01-27,night,13:00,22:00,8.0,bakery
SCH003024,S008,EMP120,Lisa Brown,2024-01-11,evening,20:00,22:00,8.0,stocking
SCH003025,S008,EMP120,Lisa Brown,2024-01-05,night,16:00,03:00,8.0,bakery
SCH003026,S009,EMP121,David Johnson,2024-01-30,morning,14:00,21:00,8.0,produce
SCH003027,S009,EMP121,David Johnson,2024-01-30,evening,17:00,19:00,8.0,meat
SCH003028,S009,EMP121,David Johnson,2024-01-09,night,06:00,17:00,8.0,dairy
SCH003029,S009,EMP121,David Johnson,2024-01-02,evening,07:00,05:00,8.0,checkout
SCH003030,S009,EMP121,David Johnson,2024-01-06,morning,19:00,01:00,8.0,dairy
SCH003031,S009,EMP121,David Johnson,2024-01-23,night,10:00,21:00,8.0,produce
SCH003032,S009,EMP121,David Johnson,2024-01-05,night,11:00,22:00,8.0,stocking
SCH003033,S009,EMP121,David Johnson,2024-01-14,evening,10:00,21:00,8.0,checkout
SCH003034,S009,EMP121,David Johnson,2024-01-26,morning,18:00,01:00,8.0,bakery
SCH003035,S009,EMP121,David Johnson,2024-01-15,night,15:00,14:00,8.0,stocking
SCH003036,S009,EMP121,David Johnson,2024-01-25,night,17:00,06:00,8.0,bakery
SCH003037,S009,EMP121,David Johnson,2024-01-01,evening,19:00,01:00,8.0,meat
SCH003038,S009,EMP121,David Johnson,2024-01-07,evening,15:00,06:00,8.0,produce
SCH003039,S009,EMP121,David Johnson,2024-01-25,morning,19:00,03:00,8.0,checkout
SCH003040,S009,EMP121,David Johnson,2024-01-13,evening,19:00,20:00,8.0,stocking
SCH003041,S009,EMP121,David Johnson,2024-01-21,night,15:00,22:00,8.0,stocking
SCH003042,S009,EMP121,David Johnson,2024-01-07,morning,07:00,23:00,8.0,dairy
SCH003043,S009,EMP121,David Johnson,2024-01-23,evening,06:00,22:00,8.0,produce
SCH003044,S009,EMP121,David Johnson,2024-01-02,night,07:00,18:00,8.0,bakery
SCH003045,S009,EMP121,David Johnson,2024-01-02,evening,20:00,15:00,8.0,bakery
SCH003046,S009,EMP122,Sarah Johnson,2024-01-09,morning,06:00,05:00,8.0,stocking
SCH003047,S009,EMP122,Sarah Johnson,2024-01-25,evening,06:00,19:00,8.0,bakery
SCH003048,S009,EMP122,Sarah Johnson,2024-01-13,night,16:00,06:00,8.0,stocking
SCH003049,S009,EMP122,Sarah Johnson,2024-01-22,night,12:00,17:00,8.0,checkout
SCH003050,S009,EMP122,Sarah Johnson,2024-01-23,night,19:00,19:00,8.0,produce
SCH003051,S009,EMP122,Sarah Johnson,2024-01-13,evening,18:00,05:00,8.0,checkout
SCH003052,S009,EMP122,Sarah Johnson,2024-01-20,evening,20:00,20:00,8.0,meat
SCH003053,S009,EMP122,Sarah Johnson,2024-01-14,morning,21:00,23:00,8.0,produce
SCH003054,S009,EMP122,Sarah Johnson,2024-01-10,morning,14:00,00:00,8.0,produce
SCH003055,S009,EMP122,Sarah Johnson,2024-01-17,night,15:00,05:00,8.0,bakery
SCH003056,S009,EMP122,Sarah Johnson,2024-01-17,night,06:00,02:00,8.0,dairy
SCH003057,S009,EMP122,Sarah Johnson,2024-01-26,morning,11:00,01:00,8.0,stocking
SCH003058,S009,EMP122,Sarah Johnson,2024-01-11,morning,18:00,06:00,8.0,stocking
SCH003059,S009,EMP122,Sarah Johnson,2024-01-16,evening,13:00,03:00,8.0,dairy
SCH003060,S009,EMP122,Sarah Johnson,2024-01-02,morning,16:00,18:00,8.0,produce
SCH003061,S009,EMP122,Sarah Johnson,2024-01-02,morning,09:00,16:00,8.0,meat
SCH003062,S009,EMP122,Sarah Johnson,2024-01-07,morning,09:00,23:00,8.0,bakery
SCH003063,S009,EMP122,Sarah Johnson,2024-01-07,evening,07:00,19:00,8.0,meat
SCH003064,S009,EMP122,Sarah Johnson,2024-01-31,morning,13:00,03:00,8.0,checkout
SCH003065,S009,EMP122,Sarah Johnson,2024-01-12,evening,20:00,14:00,8.0,bakery
SCH003066,S009,EMP122,Sarah Johnson,2024-01-18,morning,09:00,04:00,8.0,produce
SCH003067,S009,EMP122,Sarah Johnson,2024-01-31,evening,09:00,06:00,8.0,produce
SCH003068,S009,EMP122,Sarah Johnson,2024-01-22,night,08:00,05:00,8.0,dairy
SCH003069,S009,EMP122,Sarah Johnson,2024-01-08,evening,10:00,05:00,8.0,produce
SCH003070,S009,EMP122,Sarah Johnson,2024-01-02,night,10:00,19:00,8.0,bakery
SCH003071,S009,EMP122,Sarah Johnson,2024-01-18,morning,14:00,01:00,8.0,stocking
SCH003072,S009,EMP123,Mike Brown,2024-01-30,night,09:00,04:00,8.0,dairy
SCH003073,S009,EMP123,Mike Brown,2024-01-27,night,19:00,02:00,8.0,produce
SCH003074,S009,EMP123,Mike Brown,2024-01-14,night,11:00,22:00,8.0,produce
SCH003075,S009,EMP123,Mike Brown,2024-01-31,evening,07:00,22:00,8.0,checkout
SCH003076,S009,EMP123,Mike Brown,2024-01-06,evening,14:00,16:00,8.0,meat
SCH003077,S009,EMP123,Mike Brown,2024-01-07,evening,07:00,15:00,8.0,meat
SCH003078,S009,EMP123,Mike Brown,2024-01-15,morning,06:00,23:00,8.0,meat
SCH003079,S009,EMP123,Mike Brown,2024-01-06,morning,16:00,04:00,8.0,dairy
SCH003080,S009,EMP123,Mike Brown,2024-01-02,morning,12:00,16:00,8.0,produce
SCH003081,S009,EMP123,Mike Brown,2024-01-23,evening,11:00,00:00,8.0,produce
SCH003082,S009,EMP123,Mike Brown,2024-01-06,night,11:00,18:00,8.0,produce
SCH003083,S009,EMP123,Mike Brown,2024-01-24,morning,16:00,00:00,8.0,dairy
SCH003084,S009,EMP123,Mike Brown,2024-01-17,morning,21:00,02:00,8.0,bakery
SCH003085,S009,EMP123,Mike Brown,2024-01-17,night,15:00,17:00,8.0,bakery
SCH003086,S009,EMP123,Mike Brown,2024-01-22,night,06:00,05:00,8.0,meat
SCH003087,S009,EMP123,Mike Brown,2024-01-23,morning,06:00,15:00,8.0,dairy
SCH003088,S009,EMP123,Mike Brown,2024-01-15,night,10:00,06:00,8.0,dairy
SCH003089,S009,EMP123,Mike Brown,2024-01-05,morning,12:00,02:00,8.0,stocking
SCH003090,S009,EMP123,Mike Brown,2024-01-24,evening,20:00,23:00,8.0,stocking
SCH003091,S009,EMP123,Mike Brown,2024-01-05,morning,13:00,20:00,8.0,checkout
SCH003092,S009,EMP123,Mike Brown,2024-01-16,morning,19:00,16:00,8.0,checkout
SCH003093,S009,EMP123,Mike Brown,2024-01-04,night,11:00,00:00,8.0,meat
SCH003094,S009,EMP123,Mike Brown,2024-01-04,evening,11:00,15:00,8.0,dairy
SCH003095,S009,EMP123,Mike Brown,2024-01-27,night,21:00,01:00,8.0,checkout
SCH003096,S009,EMP123,Mike Brown,2024-01-20,evening,20:00,03:00,8.0,checkout
SCH003097,S009,EMP123,Mike Brown,2024-01-04,morning,12:00,19:00,8.0,dairy
SCH003098,S009,EMP123,Mike Brown,2024-01-07,evening,22:00,06:00,8.0,meat
SCH003099,S009,EMP124,Mike Davis,2024-01-05,morning,06:00,04:00,8.0,checkout
SCH003100,S009,EMP124,Mike Davis,2024-01-16,morning,06:00,19:00,8.0,produce
SCH003101,S009,EMP124,Mike Davis,2024-01-31,evening,12:00,03:00,8.0,bakery
SCH003102,S009,EMP124,Mike Davis,2024-01-18,evening,17:00,17:00,8.0,meat
SCH003103,S009,EMP124,Mike Davis,2024-01-11,night,06:00,06:00,8.0,checkout
SCH003104,S009,EMP124,Mike Davis,2024-01-26,evening,22:00,17:00,8.0,dairy
SCH003105,S009,EMP124,Mike Davis,2024-01-18,morning,06:00,00:00,8.0,dairy
SCH003106,S009,EMP124,Mike Davis,2024-01-07,night,09:00,05:00,8.0,checkout
SCH003107,S009,EMP124,Mike Davis,2024-01-27,evening,11:00,00:00,8.0,bakery
SCH003108,S009,EMP124,Mike Davis,2024-01-24,evening,06:00,23:00,8.0,stocking
SCH003109,S009,EMP124,Mike Davis,2024-01-27,night,20:00,02:00,8.0,dairy
SCH003110,S009,EMP124,Mike Davis,2024-01-31,night,15:00,14:00,8.0,dairy
SCH003111,S009,EMP124,Mike Davis,2024-01-08,evening,11:00,01:00,8.0,dairy
SCH003112,S009,EMP124,Mike Davis,2024-01-17,morning,21:00,17:00,8.0,bakery
SCH003113,S009,EMP124,Mike Davis,2024-01-27,morning,13:00,14:00,8.0,stocking
SCH003114,S009,EMP124,Mike Davis,2024-01-02,morning,20:00,20:00,8.0,produce
SCH003115,S009,EMP124,Mike Davis,2024-01-23,morning,08:00,15:00,8.0,stocking
SCH003116,S009,EMP124,Mike Davis,2024-01-14,morning,14:00,18:00,8.0,checkout
SCH003117,S009,EMP124,Mike Davis,2024-01-07,morning,16:00,02:00,8.0,dairy
SCH003118,S009,EMP124,Mike Davis,2024-01-02,night,18:00,04:00,8.0,dairy
SCH003119,S009,EMP124,Mike Davis,2024-01-10,morning,15:00,19:00,8.0,produce
SCH003120,S009,EMP124,Mike Davis,2024-01-09,night,10:00,05:00,8.0,stocking
SCH003121,S009,EMP125,Lisa Wilson,2024-01-03,morning,15:00,00:00,8.0,checkout
SCH003122,S009,EMP125,Lisa Wilson,2024-01-25,evening,22:00,04:00,8.0,produce
SCH003123,S009,EMP125,Lisa Wilson,2024-01-23,evening,08:00,16:00,8.0,meat
SCH003124,S009,EMP125,Lisa Wilson,2024-01-05,evening,21:00,04:00,8.0,bakery
SCH003125,S009,EMP125,Lisa Wilson,2024-01-27,morning,16:00,20:00,8.0,stocking
SCH003126,S009,EMP125,Lisa Wilson,2024-01-28,morning,11:00,22:00,8.0,meat
SCH003127,S009,EMP125,Lisa Wilson,2024-01-07,evening,18:00,17:00,8.0,checkout
SCH003128,S009,EMP125,Lisa Wilson,2024-01-07,evening,18:00,19:00,8.0,bakery
SCH003129,S009,EMP125,Lisa Wilson,2024-01-30,evening,10:00,02:00,8.0,dairy
SCH003130,S009,EMP125,Lisa Wilson,2024-01-11,night,20:00,18:00,8.0,dairy
SCH003131,S009,EMP125,Lisa Wilson,2024-01-19,evening,11:00,03:00,8.0,stocking
SCH003132,S009,EMP125,Lisa Wilson,2024-01-05,night,15:00,18:00,8.0,dairy
SCH003133,S009,EMP125,Lisa Wilson,2024-01-08,evening,09:00,20:00,8.0,dairy
SCH003134,S009,EMP125,Lisa Wilson,2024-01-10,morning,15:00,15:00,8.0,meat
SCH003135,S009,EMP125,Lisa Wilson,2024-01-19,morning,19:00,14:00,8.0,checkout
SCH003136,S009,EMP125,Lisa Wilson,2024-01-24,morning,19:00,01:00,8.0,dairy
SCH003137,S009,EMP125,Lisa Wilson,2024-01-11,morning,12:00,22:00,8.0,stocking
SCH003138,S009,EMP125,Lisa Wilson,2024-01-26,night,21:00,20:00,8.0,stocking
SCH003139,S009,EMP125,Lisa Wilson,2024-01-19,night,14:00,06:00,8.0,bakery
SCH003140,S009,EMP125,Lisa Wilson,2024-01-07,evening,06:00,04:00,8.0,dairy
SCH003141,S009,EMP125,Lisa Wilson,2024-01-13,evening,13:00,14:00,8.0,produce
SCH003142,S009,EMP125,Lisa Wilson,2024-01-19,morning,07:00,00:00,8.0,bakery
SCH003143,S009,EMP125,Lisa Wilson,2024-01-20,morning,22:00,17:00,8.0,meat
SCH003144,S009,EMP125,Lisa Wilson,2024-01-04,evening,17:00,15:00,8.0,meat
SCH003145,S009,EMP125,Lisa Wilson,2024-01-06,evening,11:00,05:00,8.0,produce
SCH003146,S009,EMP125,Lisa Wilson,2024-01-09,morning,12:00,02:00,8.0,checkout
SCH003147,S009,EMP125,Lisa Wilson,2024-01-02,evening,13:00,20:00,8.0,produce
SCH003148,S009,EMP125,Lisa Wilson,2024-01-26,evening,13:00,02:00,8.0,checkout
SCH003149,S009,EMP125,Lisa Wilson,2024-01-14,morning,18:00,15:00,8.0,dairy
SCH003150,S009,EMP126,David Wilson,2024-01-18,morning,20:00,21:00,8.0,bakery
SCH003151,S009,EMP126,David Wilson,2024-01-04,night,12:00,00:00,8.0,bakery
SCH003152,S009,EMP126,David Wilson,2024-01-10,evening,09:00,04:00,8.0,meat
SCH003153,S009,EMP126,David Wilson,2024-01-12,night,16:00,02:00,8.0,stocking
SCH003154,S009,EMP126,David Wilson,2024-01-03,night,19:00,04:00,8.0,bakery
SCH003155,S009,EMP126,David Wilson,2024-01-07,evening,19:00,02:00,8.0,dairy
SCH003156,S009,EMP126,David Wilson,2024-01-05,morning,11:00,15:00,8.0,dairy
SCH003157,S009,EMP126,David Wilson,2024-01-30,night,07:00,20:00,8.0,stocking
SCH003158,S009,EMP126,David Wilson,2024-01-17,evening,14:00,18:00,8.0,checkout
SCH003159,S009,EMP126,David Wilson,2024-01-12,night,06:00,01:00,8.0,bakery
SCH003160,S009,EMP126,David Wilson,2024-01-19,evening,14:00,14:00,8.0,meat
SCH003161,S009,EMP126,David Wilson,2024-01-02,evening,19:00,17:00,8.0,meat
SCH003162,S009,EMP126,David Wilson,2024-01-01,evening,12:00,14:00,8.0,meat
SCH003163,S009,EMP126,David Wilson,2024-01-13,morning,22:00,03:00,8.0,dairy
SCH003164,S009,EMP126,David Wilson,2024-01-08,evening,17:00,02:00,8.0,bakery
SCH003165,S009,EMP126,David Wilson,2024-01-06,night,14:00,22:00,8.0,produce
SCH003166,S009,EMP126,David Wilson,2024-01-31,night,18:00,05:00,8.0,produce
SCH003167,S009,EMP126,David Wilson,2024-01-10,night,10:00,16:00,8.0,stocking
SCH003168,S009,EMP126,David Wilson,2024-01-03,morning,20:00,19:00,8.0,produce
SCH003169,S009,EMP126,David Wilson,2024-01-23,morning,13:00,05:00,8.0,produce
SCH003170,S009,EMP126,David Wilson,2024-01-02,morning,12:00,00:00,8.0,meat
SCH003171,S009,EMP126,David Wilson,2024-01-06,night,11:00,23:00,8.0,produce
SCH003172,S009,EMP126,David Wilson,2024-01-18,morning,16:00,05:00,8.0,checkout
SCH003173,S009,EMP126,David Wilson,2024-01-23,morning,18:00,06:00,8.0,dairy
SCH003174,S009,EMP126,David Wilson,2024-01-09,morning,21:00,22:00,8.0,checkout
SCH003175,S009,EMP126,David Wilson,2024-01-31,night,13:00,15:00,8.0,checkout
SCH003176,S009,EMP126,David Wilson,2024-01-20,evening,08:00,16:00,8.0,produce
SCH003177,S009,EMP126,David Wilson,2024-01-04,morning,15:00,06:00,8.0,meat
SCH003178,S009,EMP126,David Wilson,2024-01-12,morning,16:00,01:00,8.0,stocking
SCH003179,S009,EMP126,David Wilson,2024-01-23,evening,06:00,00:00,8.0,produce
SCH003180,S009,EMP127,John Davis,2024-01-07,evening,20:00,01:00,8.0,meat
SCH003181,S009,EMP127,John Davis,2024-01-23,night,14:00,18:00,8.0,bakery
SCH003182,S009,EMP127,John Davis,2024-01-09,evening,21:00,21:00,8.0,meat
SCH003183,S009,EMP127,John Davis,2024-01-20,morning,20:00,17:00,8.0,bakery
SCH003184,S009,EMP127,John Davis,2024-01-18,evening,20:00,03:00,8.0,dairy
SCH003185,S009,EMP127,John Davis,2024-01-08,evening,08:00,03:00,8.0,meat
SCH003186,S009,EMP127,John Davis,2024-01-16,evening,12:00,17:00,8.0,checkout
SCH003187,S009,EMP127,John Davis,2024-01-26,morning,06:00,18:00,8.0,stocking
SCH003188,S009,EMP127,John Davis,2024-01-17,night,19:00,00:00,8.0,dairy
SCH003189,S009,EMP127,John Davis,2024-01-31,evening,11:00,14:00,8.0,produce
SCH003190,S009,EMP127,John Davis,2024-01-12,evening,15:00,17:00,8.0,bakery
SCH003191,S009,EMP127,John Davis,2024-01-17,night,22:00,18:00,8.0,checkout
SCH003192,S009,EMP127,John Davis,2024-01-15,evening,18:00,03:00,8.0,dairy
SCH003193,S009,EMP127,John Davis,2024-01-31,night,17:00,19:00,8.0,dairy
SCH003194,S009,EMP127,John Davis,2024-01-16,evening,16:00,19:00,8.0,meat
SCH003195,S009,EMP127,John Davis,2024-01-13,night,10:00,05:00,8.0,dairy
SCH003196,S009,EMP127,John Davis,2024-01-20,evening,17:00,14:00,8.0,stocking
SCH003197,S009,EMP127,John Davis,2024-01-05,morning,18:00,01:00,8.0,bakery
SCH003198,S009,EMP127,John Davis,2024-01-29,evening,08:00,00:00,8.0,dairy
SCH003199,S009,EMP127,John Davis,2024-01-22,evening,14:00,02:00,8.0,checkout
SCH003200,S009,EMP127,John Davis,2024-01-05,morning,07:00,20:00,8.0,bakery
SCH003201,S009,EMP127,John Davis,2024-01-20,evening,17:00,21:00,8.0,meat
SCH003202,S009,EMP127,John Davis,2024-01-25,evening,21:00,02:00,8.0,dairy
SCH003203,S009,EMP128,Jane Brown,2024-01-15,morning,10:00,16:00,8.0,checkout
SCH003204,S009,EMP128,Jane Brown,2024-01-24,evening,15:00,06:00,8.0,produce
SCH003205,S009,EMP128,Jane Brown,2024-01-14,morning,20:00,23:00,8.0,bakery
SCH003206,S009,EMP128,Jane Brown,2024-01-20,morning,15:00,17:00,8.0,produce
SCH003207,S009,EMP128,Jane Brown,2024-01-15,evening,17:00,04:00,8.0,produce
SCH003208,S009,EMP128,Jane Brown,2024-01-23,morning,11:00,16:00,8.0,bakery
SCH003209,S009,EMP128,Jane Brown,2024-01-31,morning,11:00,14:00,8.0,bakery
SCH003210,S009,EMP128,Jane Brown,2024-01-22,night,12:00,15:00,8.0,produce
SCH003211,S009,EMP128,Jane Brown,2024-01-23,morning,15:00,21:00,8.0,produce
SCH003212,S009,EMP128,Jane Brown,2024-01-10,night,18:00,06:00,8.0,checkout
SCH003213,S009,EMP128,Jane Brown,2024-01-30,evening,09:00,00:00,8.0,dairy
SCH003214,S009,EMP128,Jane Brown,2024-01-08,night,15:00,23:00,8.0,meat
SCH003215,S009,EMP128,Jane Brown,2024-01-04,morning,12:00,20:00,8.0,stocking
SCH003216,S009,EMP128,Jane Brown,2024-01-06,evening,19:00,04:00,8.0,dairy
SCH003217,S009,EMP128,Jane Brown,2024-01-11,morning,07:00,03:00,8.0,meat
SCH003218,S009,EMP128,Jane Brown,2024-01-14,morning,16:00,00:00,8.0,meat
SCH003219,S009,EMP128,Jane Brown,2024-01-21,morning,09:00,18:00,8.0,checkout
SCH003220,S009,EMP128,Jane Brown,2024-01-30,night,06:00,03:00,8.0,bakery
SCH003221,S009,EMP128,Jane Brown,2024-01-22,night,14:00,17:00,8.0,bakery
SCH003222,S009,EMP128,Jane Brown,2024-01-23,night,13:00,14:00,8.0,produce
SCH003223,S009,EMP128,Jane Brown,2024-01-04,evening,17:00,14:00,8.0,produce
SCH003224,S009,EMP128,Jane Brown,2024-01-15,night,18:00,03:00,8.0,checkout
SCH003225,S009,EMP128,Jane Brown,2024-01-04,night,09:00,14:00,8.0,checkout
SCH003226,S009,EMP128,Jane Brown,2024-01-08,evening,20:00,03:00,8.0,produce
SCH003227,S009,EMP128,Jane Brown,2024-01-13,night,10:00,14:00,8.0,produce
SCH003228,S009,EMP129,Sarah Smith,2024-01-26,night,19:00,21:00,8.0,bakery
SCH003229,S009,EMP129,Sarah Smith,2024-01-26,night,06:00,20:00,8.0,produce
SCH003230,S009,EMP129,Sarah Smith,2024-01-06,evening,09:00,00:00,8.0,stocking
SCH003231,S009,EMP129,Sarah Smith,2024-01-07,morning,11:00,16:00,8.0,stocking
SCH003232,S009,EMP129,Sarah Smith,2024-01-14,morning,16:00,05:00,8.0,checkout
SCH003233,S009,EMP129,Sarah Smith,2024-01-08,evening,09:00,00:00,8.0,produce
SCH003234,S009,EMP129,Sarah Smith,2024-01-08,evening,15:00,03:00,8.0,bakery
SCH003235,S009,EMP129,Sarah Smith,2024-01-21,night,16:00,14:00,8.0,stocking
SCH003236,S009,EMP129,Sarah Smith,2024-01-02,night,12:00,23:00,8.0,stocking
SCH003237,S009,EMP129,Sarah Smith,2024-01-10,night,10:00,03:00,8.0,checkout
SCH003238,S009,EMP129,Sarah Smith,2024-01-26,morning,13:00,16:00,8.0,checkout
SCH003239,S009,EMP129,Sarah Smith,2024-01-20,night,09:00,17:00,8.0,meat
SCH003240,S009,EMP129,Sarah Smith,2024-01-16,evening,12:00,19:00,8.0,meat
SCH003241,S009,EMP129,Sarah Smith,2024-01-09,night,06:00,05:00,8.0,stocking
SCH003242,S009,EMP129,Sarah Smith,2024-01-15,morning,20:00,03:00,8.0,meat
SCH003243,S009,EMP129,Sarah Smith,2024-01-29,evening,20:00,16:00,8.0,stocking
SCH003244,S009,EMP129,Sarah Smith,2024-01-23,morning,18:00,15:00,8.0,meat
SCH003245,S009,EMP129,Sarah Smith,2024-01-03,morning,13:00,16:00,8.0,meat
SCH003246,S009,EMP129,Sarah Smith,2024-01-27,morning,18:00,21:00,8.0,stocking
SCH003247,S009,EMP129,Sarah Smith,2024-01-29,evening,16:00,00:00,8.0,meat
SCH003248,S009,EMP129,Sarah Smith,2024-01-13,evening,12:00,00:00,8.0,stocking
SCH003249,S009,EMP129,Sarah Smith,2024-01-21,evening,09:00,14:00,8.0,checkout
SCH003250,S009,EMP129,Sarah Smith,2024-01-03,evening,15:00,04:00,8.0,bakery
SCH003251,S009,EMP129,Sarah Smith,2024-01-06,evening,06:00,20:00,8.0,stocking
SCH003252,S009,EMP130,Lisa Johnson,2024-01-10,morning,20:00,22:00,8.0,produce
SCH003253,S009,EMP130,Lisa Johnson,2024-01-20,night,09:00,15:00,8.0,stocking
SCH003254,S009,EMP130,Lisa Johnson,2024-01-16,evening,19:00,14:00,8.0,produce
SCH003255,S009,EMP130,Lisa Johnson,2024-01-01,morning,21:00,20:00,8.0,produce
SCH003256,S009,EMP130,Lisa Johnson,2024-01-24,evening,19:00,19:00,8.0,meat
SCH003257,S009,EMP130,Lisa Johnson,2024-01-07,night,09:00,22:00,8.0,meat
SCH003258,S009,EMP130,Lisa Johnson,2024-01-22,night,17:00,05:00,8.0,produce
SCH003259,S009,EMP130,Lisa Johnson,2024-01-14,evening,10:00,06:00,8.0,dairy
SCH003260,S009,EMP130,Lisa Johnson,2024-01-24,morning,13:00,15:00,8.0,meat
SCH003261,S009,EMP130,Lisa Johnson,2024-01-09,night,16:00,05:00,8.0,checkout
SCH003262,S009,EMP130,Lisa Johnson,2024-01-17,evening,22:00,14:00,8.0,stocking
SCH003263,S009,EMP130,Lisa Johnson,2024-01-02,morning,06:00,19:00,8.0,stocking
SCH003264,S009,EMP130,Lisa Johnson,2024-01-29,night,06:00,03:00,8.0,checkout
SCH003265,S009,EMP130,Lisa Johnson,2024-01-24,morning,07:00,19:00,8.0,checkout
SCH003266,S009,EMP130,Lisa Johnson,2024-01-11,evening,21:00,15:00,8.0,bakery
SCH003267,S009,EMP130,Lisa Johnson,2024-01-20,evening,13:00,15:00,8.0,dairy
SCH003268,S009,EMP130,Lisa Johnson,2024-01-24,evening,09:00,06:00,8.0,stocking
SCH003269,S009,EMP130,Lisa Johnson,2024-01-09,evening,14:00,05:00,8.0,meat
SCH003270,S009,EMP130,Lisa Johnson,2024-01-31,night,22:00,16:00,8.0,stocking
SCH003271,S009,EMP130,Lisa Johnson,2024-01-04,evening,10:00,01:00,8.0,stocking
SCH003272,S009,EMP130,Lisa Johnson,2024-01-09,night,10:00,16:00,8.0,bakery
SCH003273,S009,EMP130,Lisa Johnson,2024-01-25,evening,12:00,18:00,8.0,stocking
SCH003274,S009,EMP130,Lisa Johnson,2024-01-02,morning,21:00,22:00,8.0,meat
SCH003275,S009,EMP130,Lisa Johnson,2024-01-17,evening,08:00,20:00,8.0,dairy
SCH003276,S009,EMP130,Lisa Johnson,2024-01-15,evening,21:00,15:00,8.0,stocking
SCH003277,S009,EMP131,Lisa Davis,2024-01-04,morning,20:00,00:00,8.0,meat
SCH003278,S009,EMP131,Lisa Davis,2024-01-01,morning,10:00,19:00,8.0,stocking
SCH003279,S009,EMP131,Lisa Davis,2024-01-26,night,08:00,15:00,8.0,bakery
SCH003280,S009,EMP131,Lisa Davis,2024-01-09,night,13:00,17:00,8.0,produce
SCH003281,S009,EMP131,Lisa Davis,2024-01-15,morning,06:00,14:00,8.0,stocking
SCH003282,S009,EMP131,Lisa Davis,2024-01-17,night,22:00,19:00,8.0,stocking
SCH003283,S009,EMP131,Lisa Davis,2024-01-05,morning,16:00,14:00,8.0,dairy
SCH003284,S009,EMP131,Lisa Davis,2024-01-12,night,22:00,14:00,8.0,stocking
SCH003285,S009,EMP131,Lisa Davis,2024-01-07,evening,12:00,15:00,8.0,stocking
SCH003286,S009,EMP131,Lisa Davis,2024-01-28,night,08:00,14:00,8.0,dairy
SCH003287,S009,EMP131,Lisa Davis,2024-01-26,evening,10:00,02:00,8.0,stocking
SCH003288,S009,EMP131,Lisa Davis,2024-01-21,morning,17:00,17:00,8.0,stocking
SCH003289,S009,EMP131,Lisa Davis,2024-01-06,night,20:00,22:00,8.0,checkout
SCH003290,S009,EMP131,Lisa Davis,2024-01-03,morning,13:00,05:00,8.0,stocking
SCH003291,S009,EMP131,Lisa Davis,2024-01-30,morning,10:00,19:00,8.0,dairy
SCH003292,S009,EMP131,Lisa Davis,2024-01-19,morning,16:00,16:00,8.0,bakery
SCH003293,S009,EMP131,Lisa Davis,2024-01-26,morning,15:00,22:00,8.0,bakery
SCH003294,S009,EMP131,Lisa Davis,2024-01-06,evening,19:00,05:00,8.0,meat
SCH003295,S009,EMP131,Lisa Davis,2024-01-23,night,14:00,23:00,8.0,dairy
SCH003296,S009,EMP131,Lisa Davis,2024-01-26,night,19:00,18:00,8.0,bakery
SCH003297,S009,EMP131,Lisa Davis,2024-01-22,night,19:00,22:00,8.0,stocking
SCH003298,S009,EMP132,Mike Brown,2024-01-11,evening,09:00,23:00,8.0,produce
SCH003299,S009,EMP132,Mike Brown,2024-01-22,morning,22:00,05:00,8.0,dairy
SCH003300,S009,EMP132,Mike Brown,2024-01-07,morning,10:00,19:00,8.0,produce
SCH003301,S009,EMP132,Mike Brown,2024-01-19,night,13:00,00:00,8.0,bakery
SCH003302,S009,EMP132,Mike Brown,2024-01-10,morning,20:00,19:00,8.0,bakery
SCH003303,S009,EMP132,Mike Brown,2024-01-05,night,17:00,15:00,8.0,checkout
SCH003304,S009,EMP132,Mike Brown,2024-01-03,night,21:00,06:00,8.0,produce
SCH003305,S009,EMP132,Mike Brown,2024-01-02,morning,15:00,17:00,8.0,meat
SCH003306,S009,EMP132,Mike Brown,2024-01-16,evening,09:00,14:00,8.0,bakery
SCH003307,S009,EMP132,Mike Brown,2024-01-29,evening,21:00,01:00,8.0,checkout
SCH003308,S009,EMP132,Mike Brown,2024-01-26,morning,13:00,06:00,8.0,stocking
SCH003309,S009,EMP132,Mike Brown,2024-01-23,morning,18:00,15:00,8.0,stocking
SCH003310,S009,EMP132,Mike Brown,2024-01-29,evening,21:00,03:00,8.0,checkout
SCH003311,S009,EMP132,Mike Brown,2024-01-16,morning,10:00,01:00,8.0,bakery
SCH003312,S009,EMP132,Mike Brown,2024-01-05,morning,18:00,06:00,8.0,dairy
SCH003313,S009,EMP132,Mike Brown,2024-01-12,night,20:00,00:00,8.0,produce
SCH003314,S009,EMP132,Mike Brown,2024-01-11,evening,18:00,17:00,8.0,checkout
SCH003315,S009,EMP132,Mike Brown,2024-01-03,night,16:00,14:00,8.0,bakery
SCH003316,S009,EMP132,Mike Brown,2024-01-05,night,21:00,22:00,8.0,bakery
SCH003317,S009,EMP132,Mike Brown,2024-01-04,night,21:00,16:00,8.0,dairy
SCH003318,S009,EMP133,Mike Davis,2024-01-13,evening,13:00,14:00,8.0,checkout
SCH003319,S009,EMP133,Mike Davis,2024-01-19,night,07:00,04:00,8.0,meat
SCH003320,S009,EMP133,Mike Davis,2024-01-31,night,22:00,03:00,8.0,checkout
SCH003321,S009,EMP133,Mike Davis,2024-01-03,morning,13:00,16:00,8.0,checkout
SCH003322,S009,EMP133,Mike Davis,2024-01-09,night,16:00,21:00,8.0,checkout
SCH003323,S009,EMP133,Mike Davis,2024-01-02,evening,20:00,23:00,8.0,bakery
SCH003324,S009,EMP133,Mike Davis,2024-01-16,morning,12:00,14:00,8.0,produce
SCH003325,S009,EMP133,Mike Davis,2024-01-17,morning,20:00,06:00,8.0,dairy
SCH003326,S009,EMP133,Mike Davis,2024-01-29,morning,07:00,23:00,8.0,stocking
SCH003327,S009,EMP133,Mike Davis,2024-01-12,morning,11:00,18:00,8.0,checkout
SCH003328,S009,EMP133,Mike Davis,2024-01-26,evening,09:00,21:00,8.0,meat
SCH003329,S009,EMP133,Mike Davis,2024-01-25,morning,07:00,05:00,8.0,dairy
SCH003330,S009,EMP133,Mike Davis,2024-01-18,night,16:00,15:00,8.0,produce
SCH003331,S009,EMP133,Mike Davis,2024-01-22,evening,09:00,23:00,8.0,produce
SCH003332,S009,EMP133,Mike Davis,2024-01-21,night,18:00,16:00,8.0,stocking
SCH003333,S009,EMP133,Mike Davis,2024-01-06,night,12:00,00:00,8.0,stocking
SCH003334,S009,EMP133,Mike Davis,2024-01-31,morning,13:00,05:00,8.0,produce
SCH003335,S009,EMP133,Mike Davis,2024-01-28,evening,13:00,15:00,8.0,checkout
SCH003336,S009,EMP133,Mike Davis,2024-01-04,evening,20:00,03:00,8.0,meat
SCH003337,S009,EMP133,Mike Davis,2024-01-19,morning,18:00,05:00,8.0,checkout
SCH003338,S009,EMP133,Mike Davis,2024-01-05,evening,06:00,05:00,8.0,dairy
SCH003339,S009,EMP133,Mike Davis,2024-01-28,night,19:00,17:00,8.0,bakery
SCH003340,S009,EMP133,Mike Davis,2024-01-23,night,10:00,18:00,8.0,bakery
SCH003341,S009,EMP133,Mike Davis,2024-01-11,morning,11:00,14:00,8.0,dairy
SCH003342,S009,EMP133,Mike Davis,2024-01-12,night,13:00,02:00,8.0,stocking
SCH003343,S009,EMP133,Mike Davis,2024-01-21,morning,10:00,21:00,8.0,bakery
SCH003344,S009,EMP133,Mike Davis,2024-01-30,morning,08:00,21:00,8.0,meat
SCH003345,S009,EMP133,Mike Davis,2024-01-29,night,11:00,16:00,8.0,produce
SCH003346,S009,EMP134,Lisa Johnson,2024-01-01,evening,18:00,21:00,8.0,dairy
SCH003347,S009,EMP134,Lisa Johnson,2024-01-18,morning,08:00,14:00,8.0,dairy
SCH003348,S009,EMP134,Lisa Johnson,2024-01-09,evening,08:00,06:00,8.0,meat
SCH003349,S009,EMP134,Lisa Johnson,2024-01-15,night,20:00,15:00,8.0,dairy
SCH003350,S009,EMP134,Lisa Johnson,2024-01-03,evening,20:00,14:00,8.0,checkout
SCH003351,S009,EMP134,Lisa Johnson,2024-01-02,evening,20:00,20:00,8.0,bakery
SCH003352,S009,EMP134,Lisa Johnson,2024-01-27,evening,16:00,18:00,8.0,meat
SCH003353,S009,EMP134,Lisa Johnson,2024-01-03,night,06:00,06:00,8.0,dairy
SCH003354,S009,EMP134,Lisa Johnson,2024-01-05,night,19:00,19:00,8.0,dairy
SCH003355,S009,EMP134,Lisa Johnson,2024-01-28,night,06:00,00:00,8.0,stocking
SCH003356,S009,EMP134,Lisa Johnson,2024-01-26,evening,09:00,02:00,8.0,produce
SCH003357,S009,EMP134,Lisa Johnson,2024-01-22,night,12:00,14:00,8.0,bakery
SCH003358,S009,EMP134,Lisa Johnson,2024-01-12,morning,08:00,14:00,8.0,checkout
SCH003359,S009,EMP134,Lisa Johnson,2024-01-23,night,18:00,15:00,8.0,checkout
SCH003360,S009,EMP134,Lisa Johnson,2024-01-05,morning,18:00,00:00,8.0,checkout
SCH003361,S009,EMP134,Lisa Johnson,2024-01-01,night,10:00,21:00,8.0,meat
SCH003362,S009,EMP134,Lisa Johnson,2024-01-07,morning,06:00,22:00,8.0,bakery
SCH003363,S009,EMP134,Lisa Johnson,2024-01-03,morning,20:00,05:00,8.0,stocking
SCH003364,S009,EMP134,Lisa Johnson,2024-01-05,evening,20:00,04:00,8.0,bakery
SCH003365,S009,EMP134,Lisa Johnson,2024-01-26,evening,08:00,03:00,8.0,checkout
SCH003366,S009,EMP134,Lisa Johnson,2024-01-05,night,11:00,01:00,8.0,meat
SCH003367,S009,EMP134,Lisa Johnson,2024-01-25,evening,11:00,16:00,8.0,produce
SCH003368,S009,EMP134,Lisa Johnson,2024-01-17,evening,15:00,00:00,8.0,dairy
SCH003369,S009,EMP134,Lisa Johnson,2024-01-27,night,11:00,05:00,8.0,stocking
SCH003370,S009,EMP134,Lisa Johnson,2024-01-25,evening,12:00,06:00,8.0,checkout
SCH003371,S009,EMP134,Lisa Johnson,2024-01-11,morning,15:00,02:00,8.0,meat
SCH003372,S009,EMP135,Lisa Davis,2024-01-02,evening,14:00,23:00,8.0,meat
SCH003373,S009,EMP135,Lisa Davis,2024-01-27,evening,16:00,02:00,8.0,meat
SCH003374,S009,EMP135,Lisa Davis,2024-01-05,morning,08:00,20:00,8.0,bakery
SCH003375,S009,EMP135,Lisa Davis,2024-01-14,night,13:00,23:00,8.0,checkout
SCH003376,S009,EMP135,Lisa Davis,2024-01-13,night,15:00,16:00,8.0,stocking
SCH003377,S009,EMP135,Lisa Davis,2024-01-03,morning,07:00,16:00,8.0,meat
SCH003378,S009,EMP135,Lisa Davis,2024-01-06,night,13:00,21:00,8.0,bakery
SCH003379,S009,EMP135,Lisa Davis,2024-01-16,morning,08:00,22:00,8.0,meat
SCH003380,S009,EMP135,Lisa Davis,2024-01-16,morning,19:00,20:00,8.0,checkout
SCH003381,S009,EMP135,Lisa Davis,2024-01-09,morning,13:00,19:00,8.0,bakery
SCH003382,S009,EMP135,Lisa Davis,2024-01-16,morning,16:00,23:00,8.0,checkout
SCH003383,S009,EMP135,Lisa Davis,2024-01-05,morning,21:00,16:00,8.0,meat
SCH003384,S009,EMP135,Lisa Davis,2024-01-11,evening,10:00,00:00,8.0,produce
SCH003385,S009,EMP135,Lisa Davis,2024-01-20,morning,19:00,22:00,8.0,checkout
SCH003386,S009,EMP135,Lisa Davis,2024-01-21,night,21:00,22:00,8.0,dairy
SCH003387,S009,EMP135,Lisa Davis,2024-01-12,morning,08:00,20:00,8.0,meat
SCH003388,S009,EMP135,Lisa Davis,2024-01-10,evening,22:00,23:00,8.0,produce
SCH003389,S009,EMP135,Lisa Davis,2024-01-03,evening,08:00,04:00,8.0,stocking
SCH003390,S009,EMP135,Lisa Davis,2024-01-16,evening,22:00,03:00,8.0,produce
SCH003391,S009,EMP135,Lisa Davis,2024-01-26,evening,11:00,21:00,8.0,stocking
SCH003392,S009,EMP135,Lisa Davis,2024-01-19,night,17:00,17:00,8.0,meat
SCH003393,S009,EMP135,Lisa Davis,2024-01-22,morning,22:00,18:00,8.0,bakery
SCH003394,S009,EMP135,Lisa Davis,2024-01-03,night,08:00,14:00,8.0,checkout
SCH003395,S009,EMP135,Lisa Davis,2024-01-30,evening,16:00,06:00,8.0,stocking
SCH003396,S009,EMP135,Lisa Davis,2024-01-02,morning,19:00,05:00,8.0,bakery
SCH003397,S009,EMP135,Lisa Davis,2024-01-03,evening,22:00,00:00,8.0,stocking
SCH003398,S009,EMP135,Lisa Davis,2024-01-07,evening,16:00,00:00,8.0,dairy
SCH003399,S009,EMP135,Lisa Davis,2024-01-27,morning,13:00,21:00,8.0,meat
SCH003400,S009,EMP135,Lisa Davis,2024-01-10,night,14:00,03:00,8.0,meat
SCH003401,S009,EMP135,Lisa Davis,2024-01-03,evening,14:00,01:00,8.0,dairy
SCH003402,S010,EMP136,Sarah Johnson,2024-01-13,night,06:00,02:00,8.0,produce
SCH003403,S010,EMP136,Sarah Johnson,2024-01-13,night,14:00,04:00,8.0,dairy
SCH003404,S010,EMP136,Sarah Johnson,2024-01-23,evening,12:00,21:00,8.0,meat
SCH003405,S010,EMP136,Sarah Johnson,2024-01-02,night,09:00,19:00,8.0,stocking
SCH003406,S010,EMP136,Sarah Johnson,2024-01-17,night,12:00,18:00,8.0,produce
SCH003407,S010,EMP136,Sarah Johnson,2024-01-06,evening,21:00,16:00,8.0,produce
SCH003408,S010,EMP136,Sarah Johnson,2024-01-30,night,22:00,20:00,8.0,bakery
SCH003409,S010,EMP136,Sarah Johnson,2024-01-21,evening,11:00,06:00,8.0,dairy
SCH003410,S010,EMP136,Sarah Johnson,2024-01-30,evening,11:00,16:00,8.0,produce
SCH003411,S010,EMP136,Sarah Johnson,2024-01-16,night,22:00,14:00,8.0,dairy
SCH003412,S010,EMP136,Sarah Johnson,2024-01-14,evening,21:00,02:00,8.0,bakery
SCH003413,S010,EMP136,Sarah Johnson,2024-01-25,night,18:00,00:00,8.0,dairy
SCH003414,S010,EMP136,Sarah Johnson,2024-01-02,evening,19:00,02:00,8.0,produce
SCH003415,S010,EMP136,Sarah Johnson,2024-01-07,night,21:00,05:00,8.0,dairy
SCH003416,S010,EMP136,Sarah Johnson,2024-01-10,morning,12:00,04:00,8.0,dairy
SCH003417,S010,EMP136,Sarah Johnson,2024-01-29,evening,19:00,02:00,8.0,meat
SCH003418,S010,EMP136,Sarah Johnson,2024-01-05,morning,15:00,00:00,8.0,stocking
SCH003419,S010,EMP136,Sarah Johnson,2024-01-29,night,07:00,05:00,8.0,bakery
SCH003420,S010,EMP136,Sarah Johnson,2024-01-12,evening,13:00,05:00,8.0,stocking
SCH003421,S010,EMP136,Sarah Johnson,2024-01-26,evening,11:00,03:00,8.0,checkout
SCH003422,S010,EMP136,Sarah Johnson,2024-01-15,night,07:00,22:00,8.0,meat
SCH003423,S010,EMP136,Sarah Johnson,2024-01-03,night,16:00,17:00,8.0,dairy
SCH003424,S010,EMP137,Mike Brown,2024-01-01,morning,20:00,06:00,8.0,dairy
SCH003425,S010,EMP137,Mike Brown,2024-01-10,night,17:00,04:00,8.0,stocking
SCH003426,S010,EMP137,Mike Brown,2024-01-19,evening,22:00,14:00,8.0,dairy
SCH003427,S010,EMP137,Mike Brown,2024-01-30,evening,07:00,06:00,8.0,bakery
SCH003428,S010,EMP137,Mike Brown,2024-01-28,morning,21:00,00:00,8.0,stocking
SCH003429,S010,EMP137,Mike Brown,2024-01-04,night,08:00,04:00,8.0,checkout
SCH003430,S010,EMP137,Mike Brown,2024-01-06,evening,19:00,23:00,8.0,meat
SCH003431,S010,EMP137,Mike Brown,2024-01-19,morning,08:00,19:00,8.0,stocking
SCH003432,S010,EMP137,Mike Brown,2024-01-13,night,09:00,00:00,8.0,checkout
SCH003433,S010,EMP137,Mike Brown,2024-01-09,morning,19:00,04:00,8.0,dairy
SCH003434,S010,EMP137,Mike Brown,2024-01-14,evening,06:00,23:00,8.0,meat
SCH003435,S010,EMP137,Mike Brown,2024-01-08,night,06:00,03:00,8.0,stocking
SCH003436,S010,EMP137,Mike Brown,2024-01-30,evening,13:00,21:00,8.0,produce
SCH003437,S010,EMP137,Mike Brown,2024-01-15,morning,09:00,03:00,8.0,meat
SCH003438,S010,EMP137,Mike Brown,2024-01-11,morning,20:00,20:00,8.0,produce
SCH003439,S010,EMP137,Mike Brown,2024-01-17,evening,13:00,00:00,8.0,bakery
SCH003440,S010,EMP137,Mike Brown,2024-01-28,morning,14:00,23:00,8.0,checkout
SCH003441,S010,EMP137,Mike Brown,2024-01-25,evening,07:00,20:00,8.0,produce
SCH003442,S010,EMP137,Mike Brown,2024-01-01,morning,07:00,02:00,8.0,checkout
SCH003443,S010,EMP137,Mike Brown,2024-01-19,evening,22:00,21:00,8.0,dairy
SCH003444,S010,EMP137,Mike Brown,2024-01-07,evening,19:00,23:00,8.0,dairy
SCH003445,S010,EMP137,Mike Brown,2024-01-14,evening,19:00,00:00,8.0,meat
SCH003446,S010,EMP137,Mike Brown,2024-01-21,evening,11:00,03:00,8.0,produce
SCH003447,S010,EMP137,Mike Brown,2024-01-25,night,17:00,18:00,8.0,stocking
SCH003448,S010,EMP137,Mike Brown,2024-01-19,night,11:00,21:00,8.0,checkout
SCH003449,S010,EMP137,Mike Brown,2024-01-30,night,11:00,04:00,8.0,dairy
SCH003450,S010,EMP137,Mike Brown,2024-01-14,night,18:00,03:00,8.0,meat
SCH003451,S010,EMP138,Jane Johnson,2024-01-19,evening,09:00,19:00,8.0,bakery
SCH003452,S010,EMP138,Jane Johnson,2024-01-13,evening,22:00,05:00,8.0,produce
SCH003453,S010,EMP138,Jane Johnson,2024-01-03,night,07:00,02:00,8.0,bakery
SCH003454,S010,EMP138,Jane Johnson,2024-01-08,night,07:00,20:00,8.0,stocking
SCH003455,S010,EMP138,Jane Johnson,2024-01-14,night,15:00,20:00,8.0,bakery
SCH003456,S010,EMP138,Jane Johnson,2024-01-19,morning,18:00,02:00,8.0,dairy
SCH003457,S010,EMP138,Jane Johnson,2024-01-04,evening,08:00,15:00,8.0,meat
SCH003458,S010,EMP138,Jane Johnson,2024-01-03,morning,20:00,19:00,8.0,stocking
SCH003459,S010,EMP138,Jane Johnson,2024-01-14,night,06:00,19:00,8.0,dairy
SCH003460,S010,EMP138,Jane Johnson,2024-01-04,morning,19:00,21:00,8.0,dairy
SCH003461,S010,EMP138,Jane Johnson,2024-01-10,evening,10:00,05:00,8.0,checkout
SCH003462,S010,EMP138,Jane Johnson,2024-01-24,night,15:00,06:00,8.0,bakery
SCH003463,S010,EMP138,Jane Johnson,2024-01-12,morning,14:00,03:00,8.0,bakery
SCH003464,S010,EMP138,Jane Johnson,2024-01-19,night,14:00,19:00,8.0,bakery
SCH003465,S010,EMP138,Jane Johnson,2024-01-13,morning,18:00,23:00,8.0,meat
SCH003466,S010,EMP138,Jane Johnson,2024-01-05,morning,22:00,14:00,8.0,produce
SCH003467,S010,EMP138,Jane Johnson,2024-01-10,morning,11:00,03:00,8.0,checkout
SCH003468,S010,EMP138,Jane Johnson,2024-01-24,evening,19:00,05:00,8.0,bakery
SCH003469,S010,EMP138,Jane Johnson,2024-01-08,night,07:00,14:00,8.0,produce
SCH003470,S010,EMP138,Jane Johnson,2024-01-10,morning,19:00,01:00,8.0,meat
SCH003471,S010,EMP138,Jane Johnson,2024-01-16,morning,22:00,17:00,8.0,stocking
SCH003472,S010,EMP138,Jane Johnson,2024-01-01,night,10:00,23:00,8.0,stocking
SCH003473,S010,EMP138,Jane Johnson,2024-01-10,night,18:00,16:00,8.0,stocking
SCH003474,S010,EMP138,Jane Johnson,2024-01-17,morning,08:00,21:00,8.0,checkout
SCH003475,S010,EMP138,Jane Johnson,2024-01-03,morning,08:00,01:00,8.0,bakery
SCH003476,S010,EMP138,Jane Johnson,2024-01-08,evening,12:00,16:00,8.0,dairy
SCH003477,S010,EMP138,Jane Johnson,2024-01-28,night,18:00,16:00,8.0,bakery
SCH003478,S010,EMP139,Mike Smith,2024-01-12,night,08:00,01:00,8.0,checkout
SCH003479,S010,EMP139,Mike Smith,2024-01-16,morning,13:00,21:00,8.0,checkout
SCH003480,S010,EMP139,Mike Smith,2024-01-10,night,07:00,15:00,8.0,stocking
SCH003481,S010,EMP139,Mike Smith,2024-01-02,morning,18:00,14:00,8.0,meat
SCH003482,S010,EMP139,Mike Smith,2024-01-24,night,09:00,04:00,8.0,dairy
SCH003483,S010,EMP139,Mike Smith,2024-01-28,night,09:00,02:00,8.0,bakery
SCH003484,S010,EMP139,Mike Smith,2024-01-08,night,19:00,05:00,8.0,checkout
SCH003485,S010,EMP139,Mike Smith,2024-01-12,evening,12:00,01:00,8.0,dairy
SCH003486,S010,EMP139,Mike Smith,2024-01-20,morning,07:00,02:00,8.0,bakery
SCH003487,S010,EMP139,Mike Smith,2024-01-06,morning,19:00,17:00,8.0,stocking
SCH003488,S010,EMP139,Mike Smith,2024-01-13,morning,08:00,03:00,8.0,bakery
SCH003489,S010,EMP139,Mike Smith,2024-01-23,night,20:00,20:00,8.0,stocking
SCH003490,S010,EMP139,Mike Smith,2024-01-07,morning,14:00,23:00,8.0,dairy
SCH003491,S010,EMP139,Mike Smith,2024-01-17,night,16:00,22:00,8.0,stocking
SCH003492,S010,EMP139,Mike Smith,2024-01-21,night,20:00,14:00,8.0,meat
SCH003493,S010,EMP139,Mike Smith,2024-01-16,morning,06:00,02:00,8.0,checkout
SCH003494,S010,EMP139,Mike Smith,2024-01-09,morning,11:00,06:00,8.0,dairy
SCH003495,S010,EMP139,Mike Smith,2024-01-07,morning,06:00,17:00,8.0,produce
SCH003496,S010,EMP139,Mike Smith,2024-01-27,night,08:00,23:00,8.0,stocking
SCH003497,S010,EMP139,Mike Smith,2024-01-12,night,07:00,21:00,8.0,stocking
SCH003498,S010,EMP139,Mike Smith,2024-01-21,morning,12:00,17:00,8.0,meat
SCH003499,S010,EMP139,Mike Smith,2024-01-20,night,12:00,04:00,8.0,produce
SCH003500,S010,EMP139,Mike Smith,2024-01-14,evening,21:00,00:00,8.0,meat
SCH003501,S010,EMP139,Mike Smith,2024-01-15,night,20:00,20:00,8.0,produce
SCH003502,S010,EMP140,Sarah Brown,2024-01-11,evening,09:00,04:00,8.0,checkout
SCH003503,S010,EMP140,Sarah Brown,2024-01-05,evening,22:00,18:00,8.0,checkout
SCH003504,S010,EMP140,Sarah Brown,2024-01-07,morning,18:00,17:00,8.0,stocking
SCH003505,S010,EMP140,Sarah Brown,2024-01-26,night,13:00,20:00,8.0,bakery
SCH003506,S010,EMP140,Sarah Brown,2024-01-15,evening,07:00,19:00,8.0,meat
SCH003507,S010,EMP140,Sarah Brown,2024-01-20,morning,06:00,00:00,8.0,stocking
SCH003508,S010,EMP140,Sarah Brown,2024-01-05,morning,16:00,21:00,8.0,produce
SCH003509,S010,EMP140,Sarah Brown,2024-01-20,evening,16:00,04:00,8.0,meat
SCH003510,S010,EMP140,Sarah Brown,2024-01-21,evening,20:00,04:00,8.0,bakery
SCH003511,S010,EMP140,Sarah Brown,2024-01-05,morning,09:00,01:00,8.0,meat
SCH003512,S010,EMP140,Sarah Brown,2024-01-19,morning,13:00,00:00,8.0,stocking
SCH003513,S010,EMP140,Sarah Brown,2024-01-24,night,19:00,00:00,8.0,stocking
SCH003514,S010,EMP140,Sarah Brown,2024-01-12,evening,14:00,20:00,8.0,produce
SCH003515,S010,EMP140,Sarah Brown,2024-01-02,night,17:00,20:00,8.0,meat
SCH003516,S010,EMP140,Sarah Brown,2024-01-11,night,22:00,03:00,8.0,produce
SCH003517,S010,EMP140,Sarah Brown,2024-01-21,night,07:00,17:00,8.0,stocking
SCH003518,S010,EMP140,Sarah Brown,2024-01-18,morning,18:00,01:00,8.0,produce
SCH003519,S010,EMP140,Sarah Brown,2024-01-11,evening,21:00,04:00,8.0,checkout
SCH003520,S010,EMP140,Sarah Brown,2024-01-28,night,07:00,15:00,8.0,bakery
SCH003521,S010,EMP140,Sarah Brown,2024-01-26,night,11:00,19:00,8.0,meat
SCH003522,S010,EMP140,Sarah Brown,2024-01-21,morning,22:00,16:00,8.0,produce
SCH003523,S010,EMP140,Sarah Brown,2024-01-09,morning,19:00,22:00,8.0,checkout
SCH003524,S010,EMP140,Sarah Brown,2024-01-31,morning,12:00,05:00,8.0,produce
SCH003525,S010,EMP140,Sarah Brown,2024-01-02,night,12:00,23:00,8.0,stocking
SCH003526,S010,EMP140,Sarah Brown,2024-01-14,night,20:00,19:00,8.0,meat
SCH003527,S010,EMP141,John Davis,2024-01-06,morning,19:00,16:00,8.0,stocking
SCH003528,S010,EMP141,John Davis,2024-01-22,morning,21:00,15:00,8.0,produce
SCH003529,S010,EMP141,John Davis,2024-01-03,morning,22:00,04:00,8.0,produce
SCH003530,S010,EMP141,John Davis,2024-01-07,night,15:00,14:00,8.0,meat
SCH003531,S010,EMP141,John Davis,2024-01-10,morning,21:00,00:00,8.0,meat
SCH003532,S010,EMP141,John Davis,2024-01-06,evening,09:00,18:00,8.0,produce
SCH003533,S010,EMP141,John Davis,2024-01-17,evening,07:00,15:00,8.0,stocking
SCH003534,S010,EMP141,John Davis,2024-01-06,evening,11:00,06:00,8.0,dairy
SCH003535,S010,EMP141,John Davis,2024-01-07,evening,11:00,06:00,8.0,dairy
SCH003536,S010,EMP141,John Davis,2024-01-11,morning,17:00,02:00,8.0,bakery
SCH003537,S010,EMP141,John Davis,2024-01-13,evening,16:00,17:00,8.0,bakery
SCH003538,S010,EMP141,John Davis,2024-01-28,night,10:00,06:00,8.0,dairy
SCH003539,S010,EMP141,John Davis,2024-01-10,evening,11:00,15:00,8.0,produce
SCH003540,S010,EMP141,John Davis,2024-01-08,evening,18:00,17:00,8.0,produce
SCH003541,S010,EMP141,John Davis,2024-01-23,night,15:00,17:00,8.0,checkout
SCH003542,S010,EMP141,John Davis,2024-01-25,morning,10:00,00:00,8.0,bakery
SCH003543,S010,EMP141,John Davis,2024-01-06,night,08:00,23:00,8.0,stocking
SCH003544,S010,EMP141,John Davis,2024-01-28,evening,20:00,00:00,8.0,meat
SCH003545,S010,EMP141,John Davis,2024-01-20,morning,07:00,17:00,8.0,checkout
SCH003546,S010,EMP141,John Davis,2024-01-24,morning,10:00,23:00,8.0,bakery
SCH003547,S010,EMP141,John Davis,2024-01-01,night,06:00,23:00,8.0,bakery
SCH003548,S010,EMP141,John Davis,2024-01-01,evening,22:00,06:00,8.0,bakery
SCH003549,S010,EMP141,John Davis,2024-01-09,morning,07:00,00:00,8.0,bakery
SCH003550,S010,EMP141,John Davis,2024-01-19,evening,19:00,22:00,8.0,dairy
SCH003551,S010,EMP141,John Davis,2024-01-11,evening,16:00,00:00,8.0,bakery
SCH003552,S010,EMP141,John Davis,2024-01-27,night,14:00,06:00,8.0,dairy
SCH003553,S010,EMP142,Sarah Davis,2024-01-24,morning,19:00,14:00,8.0,checkout
SCH003554,S010,EMP142,Sarah Davis,2024-01-21,night,21:00,15:00,8.0,stocking
SCH003555,S010,EMP142,Sarah Davis,2024-01-14,evening,21:00,22:00,8.0,bakery
SCH003556,S010,EMP142,Sarah Davis,2024-01-18,morning,06:00,00:00,8.0,bakery
SCH003557,S010,EMP142,Sarah Davis,2024-01-30,night,14:00,19:00,8.0,dairy
SCH003558,S010,EMP142,Sarah Davis,2024-01-13,night,22:00,05:00,8.0,bakery
SCH003559,S010,EMP142,Sarah Davis,2024-01-17,morning,10:00,02:00,8.0,produce
SCH003560,S010,EMP142,Sarah Davis,2024-01-11,night,08:00,02:00,8.0,dairy
SCH003561,S010,EMP142,Sarah Davis,2024-01-22,night,07:00,20:00,8.0,checkout
SCH003562,S010,EMP142,Sarah Davis,2024-01-16,night,19:00,18:00,8.0,checkout
SCH003563,S010,EMP142,Sarah Davis,2024-01-27,morning,12:00,20:00,8.0,meat
SCH003564,S010,EMP142,Sarah Davis,2024-01-24,morning,07:00,15:00,8.0,stocking
SCH003565,S010,EMP142,Sarah Davis,2024-01-22,morning,11:00,19:00,8.0,checkout
SCH003566,S010,EMP142,Sarah Davis,2024-01-10,evening,11:00,18:00,8.0,meat
SCH003567,S010,EMP142,Sarah Davis,2024-01-15,morning,18:00,05:00,8.0,meat
SCH003568,S010,EMP142,Sarah Davis,2024-01-28,night,16:00,02:00,8.0,meat
SCH003569,S010,EMP142,Sarah Davis,2024-01-18,night,06:00,18:00,8.0,produce
SCH003570,S010,EMP142,Sarah Davis,2024-01-23,night,12:00,05:00,8.0,meat
SCH003571,S010,EMP142,Sarah Davis,2024-01-23,evening,09:00,03:00,8.0,bakery
SCH003572,S010,EMP142,Sarah Davis,2024-01-07,night,06:00,02:00,8.0,meat
SCH003573,S010,EMP142,Sarah Davis,2024-01-03,night,12:00,06:00,8.0,bakery
SCH003574,S010,EMP142,Sarah Davis,2024-01-05,morning,18:00,00:00,8.0,dairy
SCH003575,S010,EMP142,Sarah Davis,2024-01-19,morning,08:00,03:00,8.0,dairy
SCH003576,S010,EMP142,Sarah Davis,2024-01-17,morning,21:00,06:00,8.0,dairy
SCH003577,S010,EMP142,Sarah Davis,2024-01-10,night,06:00,21:00,8.0,bakery
SCH003578,S010,EMP142,Sarah Davis,2024-01-26,morning,17:00,15:00,8.0,meat
SCH003579,S010,EMP142,Sarah Davis,2024-01-26,morning,21:00,17:00,8.0,bakery
SCH003580,S010,EMP142,Sarah Davis,2024-01-02,morning,09:00,06:00,8.0,produce
SCH003581,S010,EMP143,Mike Johnson,2024-01-26,morning,10:00,21:00,8.0,bakery
SCH003582,S010,EMP143,Mike Johnson,2024-01-09,evening,07:00,18:00,8.0,bakery
SCH003583,S010,EMP143,Mike Johnson,2024-01-01,evening,20:00,14:00,8.0,checkout
SCH003584,S010,EMP143,Mike Johnson,2024-01-24,night,16:00,02:00,8.0,bakery
SCH003585,S010,EMP143,Mike Johnson,2024-01-13,night,20:00,22:00,8.0,stocking
SCH003586,S010,EMP143,Mike Johnson,2024-01-08,night,16:00,05:00,8.0,dairy
SCH003587,S010,EMP143,Mike Johnson,2024-01-06,evening,12:00,16:00,8.0,bakery
SCH003588,S010,EMP143,Mike Johnson,2024-01-18,evening,06:00,04:00,8.0,produce
SCH003589,S010,EMP143,Mike Johnson,2024-01-09,evening,16:00,02:00,8.0,checkout
SCH003590,S010,EMP143,Mike Johnson,2024-01-16,night,14:00,20:00,8.0,bakery
SCH003591,S010,EMP143,Mike Johnson,2024-01-31,morning,14:00,15:00,8.0,meat
SCH003592,S010,EMP143,Mike Johnson,2024-01-29,night,19:00,04:00,8.0,meat
SCH003593,S010,EMP143,Mike Johnson,2024-01-16,night,11:00,14:00,8.0,checkout
SCH003594,S010,EMP143,Mike Johnson,2024-01-31,evening,15:00,05:00,8.0,produce
SCH003595,S010,EMP143,Mike Johnson,2024-01-19,morning,15:00,01:00,8.0,checkout
SCH003596,S010,EMP143,Mike Johnson,2024-01-29,night,22:00,19:00,8.0,dairy
SCH003597,S010,EMP143,Mike Johnson,2024-01-15,morning,08:00,19:00,8.0,stocking
SCH003598,S010,EMP143,Mike Johnson,2024-01-11,evening,09:00,00:00,8.0,stocking
SCH003599,S010,EMP143,Mike Johnson,2024-01-22,evening,21:00,23:00,8.0,stocking
SCH003600,S010,EMP143,Mike Johnson,2024-01-21,morning,18:00,00:00,8.0,meat
SCH003601,S010,EMP143,Mike Johnson,2024-01-25,night,17:00,16:00,8.0,bakery
SCH003602,S010,EMP143,Mike Johnson,2024-01-08,evening,14:00,06:00,8.0,stocking
SCH003603,S010,EMP144,John Brown,2024-01-29,evening,06:00,05:00,8.0,meat
SCH003604,S010,EMP144,John Brown,2024-01-07,morning,11:00,16:00,8.0,meat
SCH003605,S010,EMP144,John Brown,2024-01-31,morning,09:00,22:00,8.0,bakery
SCH003606,S010,EMP144,John Brown,2024-01-31,evening,13:00,22:00,8.0,stocking
SCH003607,S010,EMP144,John Brown,2024-01-24,morning,09:00,15:00,8.0,checkout
SCH003608,S010,EMP144,John Brown,2024-01-05,night,17:00,14:00,8.0,stocking
SCH003609,S010,EMP144,John Brown,2024-01-25,night,13:00,03:00,8.0,stocking
SCH003610,S010,EMP144,John Brown,2024-01-01,evening,13:00,05:00,8.0,produce
SCH003611,S010,EMP144,John Brown,2024-01-07,morning,11:00,00:00,8.0,produce
SCH003612,S010,EMP144,John Brown,2024-01-27,evening,17:00,18:00,8.0,meat
SCH003613,S010,EMP144,John Brown,2024-01-24,morning,14:00,18:00,8.0,produce
SCH003614,S010,EMP144,John Brown,2024-01-31,evening,06:00,20:00,8.0,dairy
SCH003615,S010,EMP144,John Brown,2024-01-27,night,22:00,05:00,8.0,stocking
SCH003616,S010,EMP144,John Brown,2024-01-26,evening,06:00,22:00,8.0,bakery
SCH003617,S010,EMP144,John Brown,2024-01-27,evening,14:00,23:00,8.0,dairy
SCH003618,S010,EMP144,John Brown,2024-01-31,night,19:00,04:00,8.0,checkout
SCH003619,S010,EMP144,John Brown,2024-01-13,morning,15:00,20:00,8.0,checkout
SCH003620,S010,EMP144,John Brown,2024-01-31,night,16:00,19:00,8.0,checkout
SCH003621,S010,EMP144,John Brown,2024-01-17,morning,14:00,20:00,8.0,produce
SCH003622,S010,EMP144,John Brown,2024-01-11,evening,20:00,15:00,8.0,checkout
SCH003623,S010,EMP144,John Brown,2024-01-11,evening,08:00,23:00,8.0,checkout
SCH003624,S010,EMP144,John Brown,2024-01-05,evening,18:00,22:00,8.0,produce
SCH003625,S010,EMP144,John Brown,2024-01-06,morning,10:00,01:00,8.0,bakery
SCH003626,S010,EMP144,John Brown,2024-01-27,evening,16:00,15:00,8.0,bakery
SCH003627,S010,EMP144,John Brown,2024-01-02,night,08:00,22:00,8.0,stocking
SCH003628,S010,EMP144,John Brown,2024-01-08,night,13:00,02:00,8.0,dairy
SCH003629,S010,EMP144,John Brown,2024-01-08,evening,06:00,18:00,8.0,meat
SCH003630,S010,EMP145,David Davis,2024-01-09,evening,08:00,03:00,8.0,stocking
SCH003631,S010,EMP145,David Davis,2024-01-29,evening,09:00,16:00,8.0,dairy
SCH003632,S010,EMP145,David Davis,2024-01-24,morning,16:00,17:00,8.0,meat
SCH003633,S010,EMP145,David Davis,2024-01-23,night,06:00,14:00,8.0,dairy
SCH003634,S010,EMP145,David Davis,2024-01-09,morning,17:00,20:00,8.0,produce
SCH003635,S010,EMP145,David Davis,2024-01-26,night,16:00,15:00,8.0,meat
SCH003636,S010,EMP145,David Davis,2024-01-28,night,10:00,18:00,8.0,produce
SCH003637,S010,EMP145,David Davis,2024-01-18,evening,10:00,04:00,8.0,stocking
SCH003638,S010,EMP145,David Davis,2024-01-20,night,09:00,01:00,8.0,stocking
SCH003639,S010,EMP145,David Davis,2024-01-09,night,12:00,06:00,8.0,produce
SCH003640,S010,EMP145,David Davis,2024-01-02,night,07:00,14:00,8.0,produce
SCH003641,S010,EMP145,David Davis,2024-01-22,morning,11:00,15:00,8.0,meat
SCH003642,S010,EMP145,David Davis,2024-01-09,night,20:00,06:00,8.0,meat
SCH003643,S010,EMP145,David Davis,2024-01-24,evening,22:00,03:00,8.0,checkout
SCH003644,S010,EMP145,David Davis,2024-01-15,night,18:00,14:00,8.0,stocking
SCH003645,S010,EMP145,David Davis,2024-01-17,night,20:00,16:00,8.0,checkout
SCH003646,S010,EMP145,David Davis,2024-01-16,morning,06:00,14:00,8.0,bakery
SCH003647,S010,EMP145,David Davis,2024-01-14,evening,15:00,01:00,8.0,dairy
SCH003648,S010,EMP145,David Davis,2024-01-27,morning,13:00,18:00,8.0,stocking
SCH003649,S010,EMP145,David Davis,2024-01-02,morning,11:00,21:00,8.0,stocking
SCH003650,S010,EMP145,David Davis,2024-01-11,evening,07:00,17:00,8.0,meat
SCH003651,S010,EMP145,David Davis,2024-01-08,evening,18:00,01:00,8.0,stocking
SCH003652,S010,EMP145,David Davis,2024-01-01,morning,12:00,23:00,8.0,produce
SCH003653,S010,EMP145,David Davis,2024-01-16,night,20:00,14:00,8.0,stocking
SCH003654,S010,EMP145,David Davis,2024-01-05,morning,17:00,23:00,8.0,dairy
SCH003655,S010,EMP145,David Davis,2024-01-12,morning,22:00,15:00,8.0,bakery
SCH003656,S010,EMP145,David Davis,2024-01-19,evening,12:00,23:00,8.0,checkout
SCH003657,S010,EMP145,David Davis,2024-01-24,night,07:00,18:00,8.0,checkout
SCH003658,S010,EMP145,David Davis,2024-01-20,evening,11:00,01:00,8.0,dairy
SCH003659,S010,EMP146,David Brown,2024-01-01,night,09:00,17:00,8.0,stocking
SCH003660,S010,EMP146,David Brown,2024-01-24,night,06:00,01:00,8.0,meat
SCH003661,S010,EMP146,David Brown,2024-01-24,evening,09:00,04:00,8.0,produce
SCH003662,S010,EMP146,David Brown,2024-01-17,morning,21:00,04:00,8.0,produce
SCH003663,S010,EMP146,David Brown,2024-01-12,morning,11:00,21:00,8.0,bakery
SCH003664,S010,EMP146,David Brown,2024-01-08,night,08:00,23:00,8.0,produce
SCH003665,S010,EMP146,David Brown,2024-01-21,evening,06:00,20:00,8.0,meat
SCH003666,S010,EMP146,David Brown,2024-01-10,evening,16:00,20:00,8.0,produce
SCH003667,S010,EMP146,David Brown,2024-01-10,morning,08:00,06:00,8.0,checkout
SCH003668,S010,EMP146,David Brown,2024-01-04,evening,09:00,18:00,8.0,meat
SCH003669,S010,EMP146,David Brown,2024-01-05,morning,16:00,21:00,8.0,meat
SCH003670,S010,EMP146,David Brown,2024-01-26,night,21:00,15:00,8.0,checkout
SCH003671,S010,EMP146,David Brown,2024-01-19,morning,08:00,17:00,8.0,dairy
SCH003672,S010,EMP146,David Brown,2024-01-02,night,19:00,15:00,8.0,checkout
SCH003673,S010,EMP146,David Brown,2024-01-29,morning,09:00,21:00,8.0,dairy
SCH003674,S010,EMP146,David Brown,2024-01-29,night,20:00,19:00,8.0,bakery
SCH003675,S010,EMP146,David Brown,2024-01-05,evening,18:00,04:00,8.0,produce
SCH003676,S010,EMP146,David Brown,2024-01-29,evening,08:00,03:00,8.0,stocking
SCH003677,S010,EMP146,David Brown,2024-01-11,morning,19:00,22:00,8.0,stocking
SCH003678,S010,EMP146,David Brown,2024-01-09,morning,16:00,15:00,8.0,meat
SCH003679,S010,EMP146,David Brown,2024-01-06,night,16:00,16:00,8.0,produce
SCH003680,S010,EMP146,David Brown,2024-01-06,morning,21:00,01:00,8.0,checkout
SCH003681,S010,EMP146,David Brown,2024-01-02,night,14:00,06:00,8.0,checkout
SCH003682,S010,EMP146,David Brown,2024-01-01,evening,16:00,02:00,8.0,dairy
SCH003683,S010,EMP146,David Brown,2024-01-29,evening,09:00,22:00,8.0,bakery
SCH003684,S010,EMP146,David Brown,2024-01-05,night,16:00,04:00,8.0,bakery
SCH003685,S010,EMP146,David Brown,2024-01-09,night,14:00,04:00,8.0,bakery
SCH003686,S010,EMP146,David Brown,2024-01-03,evening,11:00,17:00,8.0,meat
SCH003687,S010,EMP146,David Brown,2024-01-23,evening,12:00,22:00,8.0,produce
SCH003688,S010,EMP147,Lisa Davis,2024-01-13,night,08:00,14:00,8.0,checkout
SCH003689,S010,EMP147,Lisa Davis,2024-01-30,night,11:00,16:00,8.0,bakery
SCH003690,S010,EMP147,Lisa Davis,2024-01-08,evening,22:00,19:00,8.0,stocking
SCH003691,S010,EMP147,Lisa Davis,2024-01-27,morning,12:00,15:00,8.0,produce
SCH003692,S010,EMP147,Lisa Davis,2024-01-28,morning,21:00,04:00,8.0,checkout
SCH003693,S010,EMP147,Lisa Davis,2024-01-26,night,18:00,03:00,8.0,produce
SCH003694,S010,EMP147,Lisa Davis,2024-01-09,night,18:00,23:00,8.0,checkout
SCH003695,S010,EMP147,Lisa Davis,2024-01-06,evening,19:00,05:00,8.0,meat
SCH003696,S010,EMP147,Lisa Davis,2024-01-01,night,11:00,01:00,8.0,bakery
SCH003697,S010,EMP147,Lisa Davis,2024-01-29,morning,06:00,17:00,8.0,dairy
SCH003698,S010,EMP147,Lisa Davis,2024-01-10,morning,17:00,05:00,8.0,bakery
SCH003699,S010,EMP147,Lisa Davis,2024-01-22,night,22:00,18:00,8.0,checkout
SCH003700,S010,EMP147,Lisa Davis,2024-01-28,morning,19:00,21:00,8.0,produce
SCH003701,S010,EMP147,Lisa Davis,2024-01-27,evening,11:00,05:00,8.0,bakery
SCH003702,S010,EMP147,Lisa Davis,2024-01-09,evening,15:00,23:00,8.0,checkout
SCH003703,S010,EMP147,Lisa Davis,2024-01-17,evening,13:00,15:00,8.0,bakery
SCH003704,S010,EMP147,Lisa Davis,2024-01-22,morning,15:00,03:00,8.0,produce
SCH003705,S010,EMP147,Lisa Davis,2024-01-09,evening,12:00,15:00,8.0,checkout
SCH003706,S010,EMP147,Lisa Davis,2024-01-31,evening,19:00,02:00,8.0,meat
SCH003707,S010,EMP147,Lisa Davis,2024-01-07,morning,10:00,20:00,8.0,produce
SCH003708,S010,EMP148,Mike Johnson,2024-01-12,evening,17:00,21:00,8.0,produce
SCH003709,S010,EMP148,Mike Johnson,2024-01-09,evening,22:00,16:00,8.0,stocking
SCH003710,S010,EMP148,Mike Johnson,2024-01-17,evening,22:00,15:00,8.0,produce
SCH003711,S010,EMP148,Mike Johnson,2024-01-29,evening,21:00,04:00,8.0,dairy
SCH003712,S010,EMP148,Mike Johnson,2024-01-22,evening,19:00,00:00,8.0,bakery
SCH003713,S010,EMP148,Mike Johnson,2024-01-15,evening,06:00,20:00,8.0,stocking
SCH003714,S010,EMP148,Mike Johnson,2024-01-01,morning,06:00,05:00,8.0,dairy
SCH003715,S010,EMP148,Mike Johnson,2024-01-24,evening,18:00,05:00,8.0,stocking
SCH003716,S010,EMP148,Mike Johnson,2024-01-09,morning,20:00,15:00,8.0,produce
SCH003717,S010,EMP148,Mike Johnson,2024-01-12,night,20:00,06:00,8.0,dairy
SCH003718,S010,EMP148,Mike Johnson,2024-01-04,morning,19:00,15:00,8.0,dairy
SCH003719,S010,EMP148,Mike Johnson,2024-01-27,morning,12:00,01:00,8.0,bakery
SCH003720,S010,EMP148,Mike Johnson,2024-01-20,evening,13:00,22:00,8.0,produce
SCH003721,S010,EMP148,Mike Johnson,2024-01-22,evening,10:00,21:00,8.0,meat
SCH003722,S010,EMP148,Mike Johnson,2024-01-03,evening,08:00,23:00,8.0,stocking
SCH003723,S010,EMP148,Mike Johnson,2024-01-23,morning,06:00,23:00,8.0,checkout
SCH003724,S010,EMP148,Mike Johnson,2024-01-15,evening,13:00,16:00,8.0,bakery
SCH003725,S010,EMP148,Mike Johnson,2024-01-26,night,15:00,04:00,8.0,produce
SCH003726,S010,EMP148,Mike Johnson,2024-01-29,evening,17:00,03:00,8.0,checkout
SCH003727,S010,EMP148,Mike Johnson,2024-01-07,evening,18:00,15:00,8.0,checkout
SCH003728,S010,EMP148,Mike Johnson,2024-01-24,night,07:00,14:00,8.0,produce
SCH003729,S010,EMP148,Mike Johnson,2024-01-20,morning,07:00,04:00,8.0,produce
SCH003730,S010,EMP148,Mike Johnson,2024-01-15,night,20:00,22:00,8.0,bakery
SCH003731,S010,EMP148,Mike Johnson,2024-01-19,evening,15:00,15:00,8.0,checkout
SCH003732,S010,EMP148,Mike Johnson,2024-01-20,night,16:00,16:00,8.0,dairy
SCH003733,S010,EMP148,Mike Johnson,2024-01-13,night,13:00,15:00,8.0,meat
SCH003734,S010,EMP148,Mike Johnson,2024-01-18,night,07:00,14:00,8.0,produce
SCH003735,S010,EMP149,Mike Davis,2024-01-08,morning,15:00,17:00,8.0,stocking
SCH003736,S010,EMP149,Mike Davis,2024-01-17,night,07:00,14:00,8.0,bakery
SCH003737,S010,EMP149,Mike Davis,2024-01-16,morning,17:00,01:00,8.0,bakery
SCH003738,S010,EMP149,Mike Davis,2024-01-08,morning,15:00,00:00,8.0,checkout
SCH003739,S010,EMP149,Mike Davis,2024-01-20,morning,10:00,04:00,8.0,dairy
SCH003740,S010,EMP149,Mike Davis,2024-01-28,night,14:00,18:00,8.0,bakery
SCH003741,S010,EMP149,Mike Davis,2024-01-16,night,16:00,17:00,8.0,meat
SCH003742,S010,EMP149,Mike Davis,2024-01-13,morning,17:00,18:00,8.0,checkout
SCH003743,S010,EMP149,Mike Davis,2024-01-08,evening,11:00,14:00,8.0,dairy
SCH003744,S010,EMP149,Mike Davis,2024-01-02,morning,11:00,19:00,8.0,produce
SCH003745,S010,EMP149,Mike Davis,2024-01-20,night,22:00,19:00,8.0,checkout
SCH003746,S010,EMP149,Mike Davis,2024-01-03,night,06:00,19:00,8.0,bakery
SCH003747,S010,EMP149,Mike Davis,2024-01-11,night,06:00,14:00,8.0,dairy
SCH003748,S010,EMP149,Mike Davis,2024-01-20,night,22:00,19:00,8.0,stocking
SCH003749,S010,EMP149,Mike Davis,2024-01-27,morning,09:00,16:00,8.0,meat
SCH003750,S010,EMP149,Mike Davis,2024-01-20,morning,13:00,06:00,8.0,meat
SCH003751,S010,EMP149,Mike Davis,2024-01-13,evening,20:00,04:00,8.0,stocking
SCH003752,S010,EMP149,Mike Davis,2024-01-15,evening,12:00,14:00,8.0,checkout
SCH003753,S010,EMP149,Mike Davis,2024-01-31,night,12:00,18:00,8.0,checkout
SCH003754,S010,EMP149,Mike Davis,2024-01-27,morning,07:00,18:00,8.0,stocking
SCH003755,S010,EMP149,Mike Davis,2024-01-26,morning,11:00,21:00,8.0,meat
SCH003756,S010,EMP149,Mike Davis,2024-01-09,morning,13:00,16:00,8.0,meat
SCH003757,S010,EMP149,Mike Davis,2024-01-11,morning,11:00,01:00,8.0,produce
SCH003758,S010,EMP149,Mike Davis,2024-01-07,night,18:00,20:00,8.0,stocking
SCH003759,S010,EMP149,Mike Davis,2024-01-20,night,14:00,17:00,8.0,dairy
SCH003760,S010,EMP149,Mike Davis,2024-01-27,night,09:00,00:00,8.0,stocking
SCH003761,S010,EMP149,Mike Davis,2024-01-31,night,07:00,00:00,8.0,dairy
SCH003762,S010,EMP149,Mike Davis,2024-01-12,night,18:00,00:00,8.0,meat
SCH003763,S010,EMP149,Mike Davis,2024-01-31,morning,12:00,02:00,8.0,produce
SCH003764,S010,EMP149,Mike Davis,2024-01-04,night,14:00,17:00,8.0,bakery
SCH003765,S010,EMP150,John Davis,2024-01-18,morning,12:00,22:00,8.0,checkout
SCH003766,S010,EMP150,John Davis,2024-01-25,morning,17:00,23:00,8.0,checkout
SCH003767,S010,EMP150,John Davis,2024-01-23,evening,07:00,22:00,8.0,stocking
SCH003768,S010,EMP150,John Davis,2024-01-06,morning,09:00,19:00,8.0,checkout
SCH003769,S010,EMP150,John Davis,2024-01-24,evening,07:00,03:00,8.0,checkout
SCH003770,S010,EMP150,John Davis,2024-01-04,night,08:00,03:00,8.0,checkout
SCH003771,S010,EMP150,John Davis,2024-01-20,evening,17:00,18:00,8.0,dairy
SCH003772,S010,EMP150,John Davis,2024-01-14,evening,08:00,20:00,8.0,stocking
SCH003773,S010,EMP150,John Davis,2024-01-17,night,06:00,14:00,8.0,produce
SCH003774,S010,EMP150,John Davis,2024-01-22,morning,10:00,17:00,8.0,dairy
SCH003775,S010,EMP150,John Davis,2024-01-30,evening,19:00,23:00,8.0,stocking
SCH003776,S010,EMP150,John Davis,2024-01-06,morning,20:00,14:00,8.0,dairy
SCH003777,S010,EMP150,John Davis,2024-01-05,night,10:00,20:00,8.0,dairy
SCH003778,S010,EMP150,John Davis,2024-01-03,night,12:00,18:00,8.0,meat
SCH003779,S010,EMP150,John Davis,2024-01-19,night,19:00,14:00,8.0,bakery
SCH003780,S010,EMP150,John Davis,2024-01-20,evening,13:00,23:00,8.0,stocking
SCH003781,S010,EMP150,John Davis,2024-01-02,night,22:00,22:00,8.0,produce
SCH003782,S010,EMP150,John Davis,2024-01-19,morning,16:00,15:00,8.0,bakery
SCH003783,S010,EMP150,John Davis,2024-01-08,morning,19:00,03:00,8.0,dairy
SCH003784,S010,EMP150,John Davis,2024-01-24,morning,21:00,02:00,8.0,meat
